mmsi,freq_mean_mhz,bandwidth_mean_khz,power_mean_watts,signal_strength_mean_dbm,snr_mean_db,noise_level_mean_dbm,is_suspicious,gross_tonnage,type,flag,pavillon_suppose
200698187,158.9,26.45,290.67,-74.37,35.67,-80.88,False,115766.0,Fishing Vessel,USA,Autre
201837657,159.265,22.07,164.72,-85.82,34.73,-99.95,False,217553.3,Fishing Vessel,Marshall Islands,Autre
202156040,156.78,31.73,186.73,-74.03,17.4,-84.73,True,60109.1,Passenger Ship,Malta,Autre
203295373,158.5225,37.95,80.12,-85.08,25.95,-92.15,True,127235.4,Bulk Carrier,Denmark,Autre
204111655,158.542,39.84,271.7,-59.24,22.52,-93.98,True,240035.0,Bulk Carrier,Bahamas,Autre
205804175,159.6467,27.27,181.88,-62.88,11.0,-78.75,False,149468.8,Fishing Vessel,Marshall Islands,Autre
205927097,161.74,35.8,225.4,-23.9,15.3,-70.3,False,37479.1,Fishing Vessel,France,Autre
206220320,157.28,47.3,263.2,-48.6,15.8,-88.7,False,140121.7,Fishing Vessel,Singapore,Autre
206352442,161.6967,23.8,323.77,-86.97,37.5,-95.1,True,232268.5,Bulk Carrier,USA,Autre
207068046,159.0212,28.81,203.95,-80.64,17.64,-93.71,False,263456.3,Bulk Carrier,France,Autre
207618219,158.31,29.98,334.5,-56.8,17.32,-86.3,True,191803.8,Fishing Vessel,USA,Autre
208204205,159.456,32.08,168.98,-67.36,22.84,-80.3,False,265115.6,General Cargo,Panama,Autre
208289492,158.141,34.08,274.15,-67.56,21.3,-85.82,False,130616.8,Bulk Carrier,USA,Autre
208492908,159.3325,27.15,257.98,-60.1,36.4,-100.35,False,3459.5,Fishing Vessel,Marshall Islands,Autre
208551916,157.3571,34.09,248.84,-87.61,24.13,-92.26,False,284556.8,Bulk Carrier,China,Autre
209428274,160.1178,31.5,296.57,-85.29,17.84,-90.22,True,158540.9,Passenger Ship,Singapore,Autre
209766902,157.5375,37.48,325.02,-81.6,27.88,-89.7,True,1945.8,Tanker,Singapore,Autre
210027019,157.7967,29.9,293.63,-35.27,8.27,-112.27,False,8758.9,General Cargo,USA,Autre
210044819,159.5733,28.17,330.13,-69.93,33.67,-81.93,True,200793.1,Container Ship,Malta,Autre
211239944,161.94,14.5,114.1,-109.0,38.5,-98.1,False,77200.6,Tanker,Singapore,Autre
211394760,159.1425,25.55,190.92,-60.28,24.35,-102.88,False,73999.2,Passenger Ship,Marshall Islands,Autre
211548097,158.86,28.66,287.64,-65.08,26.56,-101.22,False,60510.7,Passenger Ship,China,Autre
211617904,159.5912,26.2,251.26,-67.12,32.48,-77.34,True,62823.1,Passenger Ship,Bahamas,Autre
212186950,158.035,39.3,294.25,-67.13,35.28,-88.92,False,132563.1,Fishing Vessel,Denmark,Autre
213287515,160.19,17.67,242.63,-86.57,28.53,-91.67,True,286535.5,Passenger Ship,Panama,Autre
213704539,158.9675,41.62,244.48,-65.4,20.62,-71.62,False,63936.5,Container Ship,Malta,Autre
213740252,158.425,31.65,338.58,-38.12,27.12,-92.05,True,186747.7,Tanker,Panama,Autre
214748253,159.3829,28.64,195.69,-64.8,30.56,-91.63,True,204657.8,Container Ship,Denmark,Autre
216417532,159.9767,28.43,361.43,-96.03,32.37,-77.03,True,49400.2,Passenger Ship,China,Autre
218251125,158.2625,31.95,362.42,-46.55,33.1,-109.38,True,130966.8,Fishing Vessel,Malta,Autre
220627024,159.1275,35.5,401.92,-96.02,32.17,-84.45,False,153565.4,Fishing Vessel,Singapore,Denmark
221046878,157.74,23.42,320.12,-66.83,31.57,-100.72,True,247014.8,Fishing Vessel,Panama,Autre
221716335,161.2933,30.57,266.4,-70.47,30.43,-82.17,True,151848.2,General Cargo,France,Autre
222054856,157.3567,38.1,232.27,-62.32,39.1,-97.67,False,126848.8,Passenger Ship,USA,Autre
222807422,159.565,30.15,277.1,-73.8,22.55,-78.0,True,168745.7,Bulk Carrier,Panama,Autre
224255892,158.9625,33.78,339.95,-71.62,13.88,-109.25,False,101462.2,Bulk Carrier,France,Autre
224383026,159.1871,30.06,229.6,-61.87,20.0,-88.57,False,96347.1,General Cargo,USA,Autre
224472298,159.4543,31.76,331.8,-61.41,21.81,-102.39,True,42095.7,Bulk Carrier,France,Autre
224497350,158.438,25.64,210.48,-72.68,23.74,-88.82,True,280648.2,Tanker,Denmark,Autre
224756004,160.464,32.22,138.92,-67.58,13.9,-86.46,True,212583.7,Fishing Vessel,France,Autre
225377906,160.05,15.8,487.1,-111.2,1.8,-115.2,True,184097.6,Container Ship,Singapore,Autre
225857489,160.58,19.15,351.65,-35.3,33.25,-84.35,True,200805.3,General Cargo,China,Autre
226103089,159.525,27.95,158.37,-71.22,18.27,-85.05,False,84431.5,Passenger Ship,Panama,France
226542358,158.262,20.1,378.1,-105.18,25.66,-94.16,False,46907.2,Bulk Carrier,USA,France
226809877,159.4975,28.3,178.05,-47.68,15.28,-83.52,False,8491.1,Fishing Vessel,Denmark,France
227501683,157.864,28.46,328.92,-80.86,32.14,-89.78,True,170323.0,Tanker,Panama,France
229631895,160.9325,26.48,166.6,-50.78,28.72,-107.42,False,262692.9,Tanker,France,Malta
229818721,158.3,33.98,285.42,-63.26,25.1,-96.02,False,147671.4,Tanker,Panama,Malta
230810621,157.8162,27.59,261.5,-67.7,29.48,-86.39,False,128350.7,Tanker,Malta,Autre
231663168,156.38,44.4,114.1,-117.8,10.3,-108.2,False,190889.7,Bulk Carrier,Marshall Islands,Autre
231960753,160.15,32.73,217.63,-53.9,31.97,-98.5,False,244093.0,General Cargo,Marshall Islands,Autre
232381331,159.955,27.05,359.1,-78.7,25.1,-79.65,True,144270.7,Passenger Ship,USA,Autre
232898606,159.6191,29.45,216.72,-60.14,31.38,-97.95,False,90672.5,General Cargo,France,Autre
232986245,158.3933,28.8,175.77,-78.73,20.47,-87.5,False,96735.5,General Cargo,France,Autre
233953583,159.2725,28.5,168.2,-66.92,24.98,-100.85,False,203904.5,Bulk Carrier,Singapore,Autre
234821769,157.9133,28.07,204.58,-58.57,25.53,-93.27,False,13622.5,Container Ship,Marshall Islands,Autre
236109802,159.5562,26.32,260.34,-66.88,15.0,-97.04,True,77872.8,Bulk Carrier,Liberia,Autre
236409764,159.69,23.97,326.83,-34.93,42.63,-87.37,True,10174.8,Container Ship,Marshall Islands,Autre
236576735,159.3238,32.5,274.52,-88.6,18.61,-86.95,False,81131.0,Fishing Vessel,Denmark,Autre
236700807,160.1925,23.75,96.52,-60.48,23.55,-102.35,False,24390.3,Tanker,Singapore,Autre
236799075,159.3114,30.07,266.7,-73.07,28.84,-88.54,False,164275.5,Fishing Vessel,Liberia,Autre
237361564,159.6488,35.11,327.86,-64.66,25.69,-82.46,True,88554.7,Passenger Ship,Malta,Autre
238178908,158.4067,32.37,137.9,-65.43,8.53,-88.0,False,76832.9,Bulk Carrier,Marshall Islands,Autre
239547546,158.7817,23.88,136.97,-67.18,16.48,-93.65,True,93347.0,General Cargo,Liberia,Autre
239574544,158.29,26.44,224.98,-68.7,17.5,-94.34,False,244338.9,Passenger Ship,China,Autre
240011469,159.0367,38.73,236.07,-71.72,29.05,-87.55,True,19159.8,Passenger Ship,Liberia,Autre
242221601,159.29,33.7,179.9,-65.05,22.65,-92.65,False,252702.8,Fishing Vessel,Denmark,Autre
242442486,157.2425,23.08,294.75,-55.45,29.5,-89.72,True,203957.2,Container Ship,France,Autre
242569188,158.6653,29.06,237.91,-59.08,27.81,-90.61,False,29540.1,Container Ship,Liberia,Autre
243740029,158.542,31.6,243.94,-60.56,26.28,-95.24,True,248842.4,Fishing Vessel,USA,Autre
244246514,159.4,29.7,366.6,-57.55,40.5,-93.0,False,160292.4,Tanker,Bahamas,Autre
245445168,158.41,37.74,295.76,-98.4,29.5,-90.94,True,30958.8,Tanker,France,Autre
245472810,159.356,27.78,319.92,-70.42,18.7,-92.84,False,106265.7,Bulk Carrier,Panama,Autre
245760948,159.225,28.3,191.1,-100.25,29.35,-98.5,True,48857.7,Container Ship,China,Autre
245808653,161.05,30.0,221.7,-86.1,16.6,-114.8,False,108273.0,Tanker,Malta,Autre
246056778,158.2475,33.45,225.27,-59.13,30.5,-85.62,True,120544.3,Fishing Vessel,France,Autre
247443252,159.555,35.09,246.94,-69.61,28.36,-83.11,True,299563.9,Tanker,Malta,Autre
247512338,159.054,29.84,218.4,-66.8,21.14,-83.34,False,135051.3,Passenger Ship,Panama,Autre
248068308,157.79,24.65,104.15,-68.05,21.7,-78.5,False,82341.0,Passenger Ship,Marshall Islands,Malta
248607497,159.152,38.7,236.06,-57.96,22.62,-94.82,False,262986.6,Bulk Carrier,France,Malta
249217423,159.6133,25.73,434.2,-80.47,18.87,-104.07,True,126676.6,Fishing Vessel,Denmark,Malta
249354554,158.298,30.76,412.84,-79.84,19.12,-84.46,False,249761.1,Bulk Carrier,France,Malta
249938716,159.25,25.2,305.0,-59.18,15.65,-99.35,False,264648.4,Container Ship,Panama,Malta
249974230,158.5433,17.47,191.8,-46.63,34.73,-94.27,True,274344.8,Container Ship,Panama,Malta
250320883,159.25,27.65,252.28,-64.62,17.52,-77.68,True,98631.5,General Cargo,Marshall Islands,Autre
251261537,160.21,13.0,349.4,-79.4,24.85,-87.35,True,241400.9,Passenger Ship,Malta,Autre
251603728,157.8075,39.1,208.68,-71.03,4.97,-98.38,False,117470.1,Fishing Vessel,China,Autre
252620067,159.7922,21.87,375.02,-63.87,27.17,-98.86,False,193971.8,Passenger Ship,Malta,Autre
252789184,158.555,26.05,375.2,-87.4,32.55,-77.35,False,219028.0,Fishing Vessel,USA,Autre
253462026,159.165,24.48,248.18,-95.6,27.0,-93.35,False,217211.1,Container Ship,China,Autre
254059131,158.5175,37.05,144.12,-83.49,31.41,-95.19,False,217419.3,Fishing Vessel,China,Autre
254445689,159.064,30.0,323.98,-45.8,21.88,-95.2,True,26170.0,General Cargo,Denmark,Autre
254528621,157.98,28.68,237.37,-60.77,33.55,-89.03,True,97802.6,Passenger Ship,USA,Autre
255660986,158.94,35.3,138.2,-77.8,20.5,-79.3,True,273380.1,General Cargo,Singapore,Autre
256138286,158.7533,38.77,245.43,-46.77,28.2,-106.57,True,74208.5,Tanker,Bahamas,Malta
256362827,159.035,40.4,403.3,-67.0,23.8,-85.95,False,15741.6,Bulk Carrier,USA,Malta
258157843,159.235,17.6,253.05,-63.9,36.25,-96.15,False,58575.1,Passenger Ship,Liberia,Autre
258846593,158.5338,26.29,240.88,-54.58,26.46,-93.55,False,143224.2,Tanker,China,Autre
258954341,160.02,26.9,257.73,-90.77,12.1,-76.2,False,191682.8,Bulk Carrier,France,Autre
259203883,158.659,31.02,292.11,-66.11,26.11,-96.1,True,78242.7,Passenger Ship,Malta,Autre
260273820,159.8717,31.37,260.72,-73.72,34.82,-86.63,False,69467.3,Bulk Carrier,Bahamas,Autre
260362728,159.3533,34.67,233.33,-67.0,13.73,-74.17,False,228075.0,Container Ship,Panama,Autre
260490181,158.7467,35.52,152.23,-72.83,25.17,-96.98,False,295935.2,Fishing Vessel,Panama,Autre
260690058,158.8567,25.47,150.9,-69.7,20.98,-89.52,False,28845.3,Passenger Ship,France,Autre
260756426,158.85,29.35,166.5,-59.08,30.77,-86.52,False,123695.1,Container Ship,Singapore,Autre
260984664,159.0733,18.53,230.63,-32.67,28.77,-89.93,False,48702.3,Fishing Vessel,Panama,Autre
263371036,158.7625,27.58,63.45,-64.32,24.52,-96.58,True,12214.8,Fishing Vessel,Bahamas,Autre
264651594,158.8157,28.96,149.19,-57.26,18.76,-86.34,False,231456.7,Container Ship,Malta,Autre
266304575,158.898,21.9,227.98,-81.66,15.64,-89.06,True,272707.1,General Cargo,Panama,Autre
266578761,160.2125,31.22,333.3,-49.28,21.42,-86.65,True,230916.6,Fishing Vessel,France,Autre
267514528,158.44,22.43,333.7,-89.9,16.23,-77.4,True,270442.7,General Cargo,Marshall Islands,Autre
269833961,158.5,37.33,293.8,-37.1,38.8,-81.42,False,272681.0,General Cargo,France,Autre
270127453,159.0378,25.2,211.28,-71.26,27.81,-93.1,False,92982.9,General Cargo,China,Autre
270308779,158.3129,28.9,312.51,-88.94,20.21,-90.97,False,214212.8,General Cargo,China,Autre
270851441,157.54,33.8,290.07,-58.43,17.4,-80.73,False,85046.0,General Cargo,Marshall Islands,Autre
271063396,158.4167,36.6,360.78,-57.03,22.37,-77.98,True,85418.2,Bulk Carrier,Singapore,Autre
272130864,161.1433,38.93,320.97,-57.3,31.5,-82.6,True,100746.2,Tanker,Singapore,Autre
272132718,160.0729,27.16,152.04,-57.21,19.73,-76.64,True,288653.7,General Cargo,Liberia,Autre
272481430,159.13,31.76,99.36,-71.06,24.64,-77.56,True,140362.5,Fishing Vessel,Marshall Islands,Autre
272653360,158.556,25.0,187.28,-70.22,23.6,-83.18,True,99293.2,Tanker,Marshall Islands,Autre
272658165,159.9267,28.92,307.67,-88.33,25.87,-86.08,False,254178.0,Container Ship,China,Autre
272713588,158.718,25.72,301.4,-87.56,27.3,-86.48,False,10908.8,Fishing Vessel,Singapore,Autre
273148379,159.445,34.45,227.15,-42.0,30.45,-87.1,True,61498.9,Passenger Ship,Panama,Autre
273564660,157.5733,32.9,124.9,-64.87,34.87,-94.4,True,259746.3,Bulk Carrier,France,Autre
273664882,158.645,32.0,222.72,-52.35,22.97,-93.62,False,156851.0,Bulk Carrier,Bahamas,Autre
274434905,158.428,25.98,246.26,-92.28,23.82,-76.62,True,281564.3,Tanker,Liberia,Autre
274778707,159.2525,29.65,182.15,-66.78,22.0,-82.05,True,12076.5,Fishing Vessel,Malta,Autre
274897537,159.5733,27.5,217.58,-82.4,18.98,-86.85,True,83380.8,Fishing Vessel,Malta,Autre
275200104,159.225,25.95,216.1,-64.8,12.05,-62.85,False,80067.5,Container Ship,Bahamas,Autre
275369472,159.2314,36.01,220.77,-72.27,24.81,-91.04,True,221222.0,Tanker,China,Autre
275509216,158.5725,38.7,299.42,-88.75,24.3,-91.9,True,240240.9,Container Ship,Marshall Islands,Autre
275630215,158.269,28.1,262.39,-75.75,27.48,-90.45,True,140658.0,Fishing Vessel,Panama,Autre
277439544,159.6386,30.96,352.6,-89.94,28.14,-85.83,True,289681.1,Bulk Carrier,Singapore,Autre
278144112,159.614,32.4,220.8,-76.4,32.98,-87.36,True,284748.7,Passenger Ship,Liberia,Autre
279762531,159.7475,28.4,117.02,-75.75,23.28,-102.28,True,60262.8,Bulk Carrier,Bahamas,Autre
279944509,158.493,27.38,241.48,-72.61,32.05,-86.55,True,283396.4,Tanker,France,Autre
280901691,157.315,18.7,210.55,-49.65,34.5,-91.25,False,126849.0,Passenger Ship,France,Autre
281753993,158.975,27.1,276.0,-90.28,24.33,-84.3,False,97806.7,Container Ship,Marshall Islands,Autre
282716427,160.1125,37.38,285.12,-58.05,16.85,-93.95,True,167289.8,Container Ship,Panama,Autre
283205861,159.2433,40.9,197.43,-54.73,32.1,-71.6,False,68405.1,Fishing Vessel,Denmark,Autre
283486500,158.1917,28.32,167.05,-58.15,24.17,-100.9,False,265368.5,Fishing Vessel,Panama,Autre
284896056,158.1425,30.32,320.77,-69.85,31.15,-92.72,True,120077.7,General Cargo,Liberia,Autre
285312502,159.0189,34.66,291.18,-82.58,19.21,-78.82,False,240967.0,Container Ship,Liberia,Autre
285869970,159.3017,31.12,215.23,-43.52,40.1,-94.7,True,158933.8,General Cargo,Panama,Autre
286026287,159.0971,25.43,257.67,-76.6,20.13,-97.13,False,215161.3,Container Ship,Marshall Islands,Autre
286089776,157.9317,28.88,224.85,-74.85,22.97,-93.0,True,30106.9,Bulk Carrier,Singapore,Autre
286169281,160.1178,27.02,153.7,-70.66,35.26,-91.71,True,271245.1,Bulk Carrier,Marshall Islands,Autre
287106487,159.4267,30.72,192.75,-61.02,14.6,-101.12,True,50488.2,Container Ship,Singapore,Autre
287767589,159.1483,28.85,225.98,-81.12,21.23,-91.97,True,153806.5,Bulk Carrier,Malta,Autre
287792665,159.5571,40.37,238.74,-70.57,24.29,-91.29,False,117676.9,Tanker,Malta,Autre
288065994,159.275,27.52,289.88,-67.92,25.58,-78.8,False,243801.7,General Cargo,Malta,Autre
288338344,159.47,24.78,229.72,-37.7,26.45,-91.75,True,116680.6,Bulk Carrier,Panama,Autre
288344510,158.495,26.17,234.14,-77.14,30.47,-88.14,False,27135.9,Tanker,Malta,Autre
288730213,158.2243,35.76,218.19,-82.09,24.37,-87.03,False,257711.8,General Cargo,Liberia,Autre
288924361,159.086,36.62,262.78,-75.66,22.7,-96.82,False,44746.7,Fishing Vessel,Bahamas,Autre
289401636,159.744,36.57,266.68,-76.98,25.58,-91.79,True,206408.1,Tanker,Bahamas,Autre
289775372,160.3486,31.97,230.36,-78.31,21.5,-84.39,False,12803.9,General Cargo,Denmark,Autre
289890030,158.85,27.77,261.22,-76.68,22.22,-89.65,True,75115.1,Container Ship,Singapore,Autre
290000334,158.87,28.58,312.98,-72.53,33.22,-88.3,False,76777.3,Passenger Ship,France,Autre
290782162,159.68,32.68,288.38,-58.88,27.48,-91.42,False,91745.3,General Cargo,Panama,Autre
291644254,160.0033,20.7,297.23,-87.87,32.53,-88.53,True,231457.6,Container Ship,Malta,Autre
292189198,159.745,30.24,217.71,-80.8,24.11,-86.64,True,163478.9,Container Ship,China,Autre
293447967,159.51,34.87,282.83,-84.03,14.33,-102.03,False,58667.0,Bulk Carrier,Bahamas,Autre
294304036,159.8,32.6,112.0,-65.8,16.68,-85.2,False,80690.8,Fishing Vessel,Liberia,Autre
295701710,158.6567,22.93,330.23,-65.1,37.8,-76.3,True,17445.8,Fishing Vessel,Marshall Islands,Autre
295965871,159.37,32.48,142.2,-65.92,19.2,-98.93,False,242686.8,Bulk Carrier,China,Autre
296114362,159.8267,24.63,291.0,-86.27,27.0,-100.37,False,62702.8,Container Ship,Singapore,Autre
297489083,159.142,22.6,326.3,-70.76,38.0,-92.88,False,189927.7,Passenger Ship,Malta,Autre
298360481,158.7686,32.9,140.4,-72.31,26.29,-99.23,False,147295.5,Tanker,France,Autre
299479186,159.456,26.72,246.58,-83.06,30.74,-92.26,False,2824.2,Tanker,Denmark,Autre
299685327,157.305,26.15,261.82,-60.65,28.42,-99.5,True,247888.1,Passenger Ship,China,Autre
300905246,159.44,30.03,274.77,-92.3,32.07,-111.47,False,76646.0,Bulk Carrier,China,Autre
301027718,158.2425,26.88,250.4,-56.0,28.4,-96.65,False,263606.9,Fishing Vessel,Malta,Autre
302489810,159.382,27.84,282.52,-70.82,26.34,-97.34,False,229783.7,Bulk Carrier,Panama,Autre
303568824,159.5533,28.07,289.27,-54.23,34.73,-107.7,False,129742.4,Container Ship,USA,Autre
303641269,157.37,44.6,396.5,-74.9,45.2,-77.3,True,45119.2,Passenger Ship,Marshall Islands,Autre
303830441,159.77,33.07,256.5,-76.0,26.53,-100.8,False,150989.5,Bulk Carrier,Bahamas,Autre
305441760,157.748,29.24,139.2,-95.56,25.86,-92.7,False,17476.4,Fishing Vessel,China,Autre
305790946,158.51,27.2,223.46,-60.68,18.72,-99.82,True,29041.6,Container Ship,USA,Autre
305792048,158.6367,32.07,70.33,-68.0,20.83,-75.2,True,146418.9,General Cargo,China,Autre
306585349,159.285,27.72,237.5,-65.82,18.38,-97.18,False,99656.9,Passenger Ship,Denmark,Autre
306994240,159.8214,28.17,328.33,-82.77,30.1,-101.2,True,156731.4,Fishing Vessel,Singapore,Autre
307516995,160.82,32.8,343.7,-66.1,28.65,-94.4,False,182951.0,Tanker,France,Autre
307986418,158.185,24.12,269.6,-76.23,20.85,-91.33,False,139959.9,Passenger Ship,China,Autre
308695892,159.01,36.46,217.14,-78.28,22.42,-90.98,False,52455.6,Container Ship,China,Bahamas
309163379,158.7843,27.76,215.9,-78.13,28.03,-97.06,True,149742.6,Tanker,Denmark,Bahamas
310055463,159.2375,31.6,300.85,-83.0,9.88,-79.8,False,154612.6,Bulk Carrier,Panama,Autre
310273206,158.15,29.48,237.96,-77.1,22.44,-97.66,True,163902.0,Passenger Ship,Marshall Islands,Autre
311470002,157.43,35.23,306.5,-62.23,44.17,-88.57,True,291340.9,General Cargo,Panama,Bahamas
312462705,158.9,34.67,297.01,-89.94,33.26,-97.71,False,4538.8,Passenger Ship,Denmark,Autre
312878650,159.3887,33.19,274.23,-60.12,28.31,-89.21,True,227375.6,Container Ship,USA,Autre
313328800,159.8189,33.38,282.87,-68.53,24.88,-89.28,True,240643.9,Tanker,Panama,Autre
313389958,157.846,31.8,192.78,-90.2,14.96,-73.0,True,53154.0,Container Ship,France,Autre
314355800,160.66,34.8,232.4,-58.1,4.1,-82.4,True,133817.5,Tanker,Bahamas,Autre
314390060,158.694,28.58,228.42,-64.22,17.26,-82.02,True,251349.3,Passenger Ship,Singapore,Autre
315074468,157.96,27.83,447.63,-66.27,35.07,-82.03,True,176056.1,Passenger Ship,USA,Autre
315113308,157.305,21.18,161.2,-70.85,22.82,-86.48,False,51450.2,Bulk Carrier,Liberia,Autre
315605444,159.5667,27.53,168.55,-51.87,24.93,-81.33,True,61993.3,Tanker,Marshall Islands,Autre
315782943,160.0425,21.18,189.48,-64.38,22.8,-108.22,True,134918.0,Tanker,Panama,Autre
316234277,158.1467,27.93,282.48,-68.95,17.18,-96.65,True,19089.8,Tanker,Singapore,Autre
316474826,158.3467,21.57,240.9,-60.13,28.83,-98.43,False,39960.1,Passenger Ship,Marshall Islands,Autre
318125935,159.066,34.59,276.41,-66.89,28.55,-100.98,False,288157.9,Tanker,Malta,Autre
318975900,158.992,27.2,264.54,-52.1,16.96,-93.54,False,130245.7,Container Ship,USA,Autre
319469731,159.8478,33.03,257.9,-65.12,23.82,-91.03,False,172826.9,Fishing Vessel,Panama,Autre
320624243,159.99,36.28,313.65,-39.38,36.75,-89.92,True,284394.6,Passenger Ship,Marshall Islands,Autre
320892082,158.5757,28.7,265.17,-50.97,30.69,-88.74,True,79101.5,Container Ship,Liberia,Autre
321571144,158.675,35.67,241.58,-72.28,28.15,-91.95,False,89579.0,Tanker,Bahamas,Autre
321784058,159.9775,33.55,310.4,-51.4,29.98,-96.42,False,264210.0,Fishing Vessel,China,Autre
324742591,159.515,26.72,232.4,-58.45,27.33,-86.08,True,109669.3,Fishing Vessel,Bahamas,Autre
324958822,159.9,38.62,322.14,-57.88,26.64,-89.58,True,217558.8,Container Ship,Denmark,Autre
327690307,159.3157,25.83,209.57,-98.53,22.41,-92.86,True,75340.9,Container Ship,Singapore,Autre
328293597,159.1586,34.21,296.31,-67.89,26.06,-88.64,False,83041.4,Bulk Carrier,France,Autre
329004558,158.98,25.4,174.0,-80.1,8.5,-105.65,False,264739.6,Tanker,Marshall Islands,Autre
330948908,159.62,30.79,245.71,-64.54,23.94,-97.38,True,259366.6,Container Ship,Bahamas,Autre
332649240,157.2125,32.48,100.6,-74.85,27.35,-89.45,True,49478.5,Bulk Carrier,Singapore,Autre
332786654,158.5083,30.85,254.17,-86.78,19.5,-74.98,True,13590.9,Fishing Vessel,Liberia,Autre
333279592,158.8842,25.41,194.7,-55.71,26.08,-97.08,False,264865.5,General Cargo,Bahamas,Autre
333886054,159.6029,34.39,268.54,-90.33,27.27,-81.47,True,208049.8,Fishing Vessel,Bahamas,Autre
334709857,160.2867,30.17,195.63,-64.2,26.0,-93.1,True,224060.6,General Cargo,USA,Autre
335267736,159.6233,27.63,143.1,-82.6,33.57,-87.07,True,8566.4,Passenger Ship,Panama,Autre
335821955,159.3543,26.6,271.44,-66.73,24.07,-104.16,False,101413.0,General Cargo,Malta,Autre
336052886,158.2638,28.38,241.82,-72.21,26.03,-93.4,False,148075.7,Fishing Vessel,Malta,Autre
336627928,158.3333,25.93,339.63,-102.07,28.53,-72.03,True,279192.1,General Cargo,Malta,Autre
337866372,159.54,24.24,226.46,-56.08,20.94,-79.1,True,30943.3,Passenger Ship,Bahamas,Autre
338445994,157.39,31.35,389.95,-56.6,24.5,-96.5,True,123453.3,General Cargo,Singapore,USA
339096327,159.4067,34.2,187.43,-57.5,27.2,-88.17,False,130045.1,Container Ship,France,Autre
339126012,157.876,25.0,168.58,-65.8,25.3,-83.72,True,221919.5,Bulk Carrier,Singapore,Autre
339171260,158.9867,35.25,203.83,-56.42,24.27,-101.42,False,86538.9,General Cargo,Malta,Autre
340668048,159.6133,26.6,290.6,-64.33,30.4,-78.6,True,54357.8,Container Ship,Denmark,Autre
340714037,158.124,28.14,339.26,-73.86,35.8,-102.4,False,28495.7,Container Ship,USA,Autre
341249881,159.72,38.46,213.84,-83.68,30.24,-84.1,False,10224.7,General Cargo,Denmark,Autre
342385591,158.492,28.44,327.22,-75.58,25.02,-83.24,True,203735.7,Passenger Ship,Malta,Autre
342429088,159.086,40.34,213.32,-75.32,20.04,-95.5,False,22384.7,Bulk Carrier,Liberia,Autre
342815822,159.07,16.66,220.62,-72.14,23.58,-95.54,True,247817.6,Bulk Carrier,France,Autre
343126146,161.34,38.65,218.15,-91.5,13.95,-80.1,False,127675.3,General Cargo,USA,Autre
344513763,159.1925,28.31,290.99,-86.44,23.86,-93.42,False,276638.3,Tanker,Panama,Autre
345832541,159.308,24.28,324.46,-76.66,25.76,-89.5,False,9679.2,Container Ship,Marshall Islands,Autre
345917757,159.1057,32.17,291.41,-61.41,30.97,-81.91,True,112767.8,Passenger Ship,Bahamas,Autre
346077672,158.6067,27.13,182.08,-68.43,16.37,-86.18,False,36786.3,Tanker,France,Autre
347221944,161.44,44.3,317.7,-108.4,19.9,-103.3,True,1294.4,Fishing Vessel,France,Autre
347759038,157.92,34.31,323.66,-65.81,31.99,-90.33,True,23332.0,General Cargo,Liberia,Autre
348500992,159.532,32.6,248.14,-86.2,21.86,-88.0,False,181390.9,Fishing Vessel,Liberia,Autre
350038017,158.392,27.16,239.52,-86.96,33.04,-105.32,True,75315.0,General Cargo,Panama,Autre
350251451,159.3643,31.77,271.36,-68.64,18.17,-96.2,True,54447.1,Tanker,Denmark,Autre
350521742,159.06,24.83,285.97,-73.48,32.43,-89.42,False,16862.5,Tanker,Marshall Islands,Autre
350657692,158.9256,23.83,275.01,-69.17,29.44,-97.89,True,177568.2,Fishing Vessel,Denmark,Autre
352571434,160.2433,29.13,204.9,-76.13,12.63,-82.93,False,183526.5,Fishing Vessel,Panama,Panama
352963430,158.674,30.12,233.56,-84.4,35.52,-96.08,True,77588.6,Tanker,Panama,Panama
353691130,157.76,33.27,140.23,-85.93,20.13,-71.57,False,184356.5,Passenger Ship,China,Panama
353821583,158.3925,17.41,211.69,-67.61,24.36,-88.41,True,52554.3,General Cargo,Bahamas,Panama
354615733,159.08,29.75,153.38,-50.08,27.5,-89.92,False,177673.8,Fishing Vessel,Marshall Islands,Panama
354873118,160.85,29.1,341.15,-84.55,17.3,-82.5,False,260868.3,Fishing Vessel,Liberia,Panama
355835421,158.862,28.65,229.72,-61.46,23.44,-86.57,False,94868.7,Container Ship,China,Panama
355968100,160.3567,25.27,283.93,-59.5,29.77,-91.67,True,213955.8,Passenger Ship,Liberia,Panama
356152670,158.875,23.86,255.61,-75.5,28.98,-91.75,True,144422.5,General Cargo,Liberia,Panama
356273956,158.9625,37.05,237.25,-86.78,20.0,-94.25,True,65180.4,Container Ship,Malta,Panama
357067982,159.65,34.6,155.9,-102.3,15.25,-109.35,False,123376.5,General Cargo,Malta,Panama
358348599,158.93,21.65,237.75,-88.0,34.65,-109.65,True,214528.2,Bulk Carrier,France,Autre
359390541,158.6,24.97,168.77,-93.0,20.37,-75.1,True,82733.7,Container Ship,USA,Autre
359830573,158.279,25.58,259.5,-70.03,29.75,-93.56,False,141103.3,General Cargo,Marshall Islands,Autre
360247230,157.3883,26.25,268.15,-71.35,18.43,-107.37,True,48610.2,Tanker,Panama,Autre
360342720,158.1167,23.86,207.21,-85.83,18.94,-94.49,True,111898.1,General Cargo,Bahamas,Autre
360555312,158.42,35.8,186.72,-78.42,23.62,-105.56,True,157870.5,Fishing Vessel,Malta,Autre
360833773,160.24,31.78,201.42,-76.57,24.59,-96.01,True,164714.2,Tanker,Denmark,Autre
361510820,159.2457,35.63,274.19,-70.56,9.53,-87.81,False,97054.1,Container Ship,Bahamas,Autre
361903938,159.92,20.62,169.52,-90.6,22.2,-98.12,False,174021.1,Fishing Vessel,China,Autre
362601507,158.0933,24.92,188.63,-51.4,32.1,-103.05,False,73450.7,Container Ship,Marshall Islands,Autre
364856950,156.14,27.7,481.6,-81.9,18.2,-64.3,False,112671.1,Bulk Carrier,France,Autre
367500008,159.535,27.18,268.42,-69.58,21.72,-85.7,True,238656.2,Passenger Ship,Marshall Islands,USA
368365433,159.33,18.07,132.93,-75.5,31.27,-86.47,False,80661.8,General Cargo,Denmark,USA
369075346,158.4375,23.7,279.05,-80.08,17.6,-77.12,False,216981.7,Bulk Carrier,Singapore,USA
369325711,158.565,29.36,301.49,-68.9,16.45,-83.11,True,142962.6,General Cargo,China,USA
370219145,160.7586,28.41,278.0,-66.87,24.81,-99.96,False,83035.4,Bulk Carrier,China,Panama
371121059,156.07,43.4,491.8,-27.5,19.8,-67.1,False,64323.3,Bulk Carrier,Singapore,Panama
372051562,158.5175,28.42,138.93,-76.92,33.8,-88.9,False,269803.2,Bulk Carrier,USA,Panama
372177283,158.5675,23.82,331.25,-56.95,20.95,-86.2,False,205711.8,Bulk Carrier,Malta,Panama
372271550,156.43,42.5,311.6,-65.0,35.3,-78.1,True,23486.0,Fishing Vessel,Marshall Islands,Panama
372353705,158.965,23.62,309.12,-104.98,27.3,-76.12,True,299026.4,Container Ship,Panama,Panama
372700428,159.1114,31.9,161.19,-77.59,19.77,-81.63,True,186765.9,Tanker,Marshall Islands,Panama
373306649,159.0114,32.86,269.93,-62.49,31.67,-92.46,True,229532.1,Fishing Vessel,USA,Panama
374237721,160.19,25.58,156.88,-74.24,18.58,-99.46,False,229263.2,Tanker,Malta,Panama
374389765,157.7483,31.7,204.58,-75.1,26.63,-87.07,True,127953.3,Bulk Carrier,France,Panama
375047621,158.385,21.8,316.92,-76.15,27.5,-91.19,True,149584.1,Tanker,Bahamas,Autre
375096037,158.7,39.32,207.63,-62.27,27.48,-84.25,True,278197.0,General Cargo,China,Autre
375252389,158.065,35.3,253.35,-79.65,23.2,-95.3,False,215400.6,Passenger Ship,France,Autre
375856282,161.2,27.6,111.4,-89.7,4.5,-119.1,False,286684.8,Fishing Vessel,Marshall Islands,Autre
377068202,159.1943,28.57,291.61,-64.73,32.24,-93.97,True,213427.5,Container Ship,Singapore,Autre
377712245,159.0029,32.04,199.86,-76.89,23.19,-88.37,True,26239.3,Passenger Ship,Singapore,Autre
377899981,159.2425,34.85,280.9,-62.2,31.58,-87.48,False,283058.7,General Cargo,USA,Autre
377992909,159.155,30.55,190.25,-34.95,32.7,-72.25,False,241737.0,Passenger Ship,Singapore,Autre
378249098,161.32,34.8,320.6,-30.5,47.9,-108.1,True,19679.1,General Cargo,USA,Autre
378367378,159.3,24.78,176.38,-63.08,30.84,-85.06,True,43176.7,Tanker,Denmark,Autre
378984233,159.775,28.18,239.65,-81.33,35.03,-94.05,False,195795.3,Bulk Carrier,Malta,Autre
379393743,157.8433,27.0,286.0,-72.57,32.77,-83.1,True,129462.2,Passenger Ship,China,Autre
379597254,160.3767,26.67,231.17,-72.9,28.63,-67.6,True,102181.5,Tanker,Denmark,Autre
380494325,158.82,24.73,212.8,-45.77,31.97,-111.07,True,246650.7,Bulk Carrier,Denmark,Autre
381712071,158.6675,25.55,228.55,-75.65,17.9,-89.25,True,174563.4,Bulk Carrier,Marshall Islands,Autre
381954352,159.204,37.06,245.9,-51.92,24.72,-113.7,True,73416.8,Tanker,Denmark,Autre
382322288,159.088,36.18,321.2,-85.94,34.78,-102.3,False,236437.5,Passenger Ship,Panama,Autre
382714823,159.255,31.73,323.0,-70.55,19.9,-72.62,False,275029.7,Passenger Ship,Panama,Autre
382967807,157.4,34.52,327.36,-76.62,26.4,-105.32,True,169143.5,Tanker,France,Autre
383307372,156.23,26.2,401.3,-119.1,39.9,-92.1,True,124805.5,Bulk Carrier,Bahamas,Autre
383308981,159.6914,41.39,218.37,-61.24,25.9,-87.63,False,200441.8,Tanker,USA,Autre
384450029,160.018,31.74,235.08,-80.1,13.14,-98.68,True,168357.7,General Cargo,Denmark,Autre
384550733,158.1457,31.0,130.23,-60.96,16.63,-86.67,True,192580.9,Container Ship,Denmark,Autre
385217219,158.496,38.12,220.92,-68.64,25.12,-93.6,False,187248.1,General Cargo,Marshall Islands,Autre
386428572,159.23,35.77,167.23,-73.53,9.33,-92.03,False,80295.6,Passenger Ship,USA,Autre
388953506,159.3383,29.88,294.37,-54.63,27.13,-100.22,True,39953.7,Fishing Vessel,USA,Autre
389614255,159.412,29.02,277.94,-73.54,27.06,-83.38,False,162947.7,Fishing Vessel,Denmark,Autre
389921162,159.0733,22.75,316.25,-66.78,31.08,-101.37,True,23902.5,Container Ship,Singapore,Autre
390169657,160.05,29.17,202.37,-75.73,16.57,-112.5,True,88017.2,Fishing Vessel,USA,Autre
390182507,160.0575,32.5,122.6,-91.22,21.7,-85.3,False,201542.9,General Cargo,China,Autre
391151453,158.2283,31.48,198.2,-68.2,18.73,-88.43,True,74157.7,Tanker,Liberia,Autre
391158344,159.0617,27.18,269.1,-49.18,28.3,-85.82,True,107021.4,Bulk Carrier,Malta,Autre
391430690,159.976,23.84,262.26,-93.56,21.36,-91.68,True,270279.6,Passenger Ship,Liberia,Autre
391786359,159.4238,32.5,321.05,-69.91,30.21,-80.04,True,112022.0,Fishing Vessel,Panama,Autre
392617917,158.2838,20.95,210.48,-85.76,21.24,-93.04,False,146786.1,Passenger Ship,Panama,Autre
393509366,158.4017,25.22,241.37,-67.58,26.97,-85.32,False,164505.0,General Cargo,Singapore,Autre
393784956,159.2875,28.85,161.75,-89.78,18.73,-92.9,True,121717.1,Bulk Carrier,Panama,Autre
394645869,158.2033,35.8,172.07,-84.87,23.97,-88.15,False,39056.7,Container Ship,Panama,Autre
394819025,158.6489,27.29,173.56,-66.79,26.66,-95.16,False,147788.0,Container Ship,Liberia,Autre
396838191,158.715,30.8,276.98,-80.07,16.8,-88.73,False,87311.4,Container Ship,Bahamas,Autre
397348659,158.7688,29.14,272.11,-64.69,27.42,-85.31,False,133476.8,Fishing Vessel,USA,Autre
398193465,157.65,14.3,145.1,-58.3,29.5,-110.1,True,110142.1,Fishing Vessel,Marshall Islands,Autre
399163627,158.9167,38.17,363.27,-79.47,36.9,-90.17,True,33021.0,Passenger Ship,Marshall Islands,Autre
399373193,159.6267,27.12,247.58,-88.8,31.38,-99.72,True,219573.1,Passenger Ship,France,Autre
401032142,158.966,32.44,205.76,-68.3,26.0,-101.6,False,153588.8,Passenger Ship,Liberia,Autre
401528305,158.8275,27.42,219.12,-68.38,27.68,-87.58,True,71341.3,General Cargo,USA,Autre
401816566,158.8045,33.95,191.94,-66.3,25.26,-87.94,True,77209.8,Container Ship,Liberia,Autre
403275944,158.95,22.25,314.85,-42.8,17.8,-89.65,False,92476.3,Fishing Vessel,France,Autre
403401992,158.34,31.68,207.8,-41.42,12.6,-91.52,True,75779.8,Passenger Ship,France,Autre
403492770,161.115,38.2,301.85,-72.5,32.65,-85.95,True,169205.1,Passenger Ship,Marshall Islands,Autre
403551997,157.18,28.8,169.67,-64.1,13.8,-99.2,False,170209.8,Passenger Ship,Malta,Autre
404128445,158.91,24.63,293.82,-61.23,19.45,-83.6,True,270955.4,Bulk Carrier,Panama,Autre
405176063,160.31,47.35,230.9,-89.3,7.05,-110.0,True,81065.3,Bulk Carrier,Liberia,Autre
405294999,158.6125,27.1,187.77,-57.6,21.38,-85.52,True,161150.0,Container Ship,USA,Autre
405517314,159.4367,23.08,208.0,-94.93,23.13,-95.98,False,40025.8,General Cargo,Denmark,Autre
406449637,158.8725,24.7,247.94,-61.74,31.95,-88.55,True,91043.8,Fishing Vessel,Marshall Islands,Autre
407783617,158.6433,29.6,338.47,-75.57,23.23,-84.77,False,120330.3,Bulk Carrier,USA,Autre
408697312,159.08,29.99,184.69,-79.49,26.37,-91.76,True,58434.8,Bulk Carrier,Panama,Autre
408835992,159.2775,34.33,202.55,-80.05,23.18,-99.45,True,175341.9,Container Ship,China,Autre
409089660,159.955,30.06,208.62,-60.7,27.28,-89.54,False,146697.2,General Cargo,Singapore,Autre
409203436,158.934,38.0,211.22,-56.26,39.1,-92.28,False,12331.2,Bulk Carrier,Singapore,Autre
409720576,158.9825,21.28,251.25,-67.7,17.92,-106.5,False,146271.1,Container Ship,France,Autre
410019201,159.8775,33.76,186.3,-76.22,29.75,-95.18,True,5718.1,Passenger Ship,Denmark,Autre
410444994,159.58,41.92,281.95,-69.58,24.72,-96.28,False,140042.0,Tanker,Malta,Autre
410992457,159.2467,31.93,275.13,-58.17,24.68,-90.87,False,112718.4,General Cargo,China,Autre
412200014,158.095,29.45,247.7,-63.88,34.22,-95.42,True,203559.7,Passenger Ship,Malta,China
412547846,159.4878,32.56,194.82,-90.42,26.67,-79.72,False,55131.6,Passenger Ship,Panama,China
412845068,159.4989,24.09,293.96,-55.49,33.66,-101.86,False,80684.8,General Cargo,Denmark,China
413062848,158.51,38.45,220.8,-58.1,32.85,-88.0,False,184042.5,Container Ship,Denmark,China
414040537,157.4288,27.95,181.66,-95.09,25.95,-90.65,False,61742.9,Container Ship,Denmark,China
415742193,159.7017,31.2,231.02,-72.78,21.1,-74.98,False,9971.2,Tanker,Panama,Autre
416064970,159.63,31.1,190.76,-81.7,25.06,-84.86,False,4194.3,Fishing Vessel,China,Autre
417153380,158.42,23.12,250.15,-66.2,27.8,-86.0,False,143071.0,Container Ship,Malta,Autre
417287774,157.45,33.37,265.57,-90.97,31.9,-84.7,True,242438.6,Container Ship,Singapore,Autre
417393024,158.888,22.78,186.84,-76.32,26.88,-95.98,True,29636.0,Fishing Vessel,USA,Autre
418169543,159.4371,27.07,207.07,-58.56,34.04,-84.13,False,123736.7,Tanker,Malta,Autre
418216232,159.2011,34.36,249.27,-67.36,34.92,-86.91,True,111290.6,Bulk Carrier,Bahamas,Autre
418271823,158.36,24.58,271.08,-64.3,33.58,-86.65,True,205460.5,Tanker,China,Autre
418369900,157.762,29.58,241.44,-72.82,26.8,-87.02,True,56823.4,Fishing Vessel,USA,Autre
418950990,158.7,29.95,256.22,-76.87,24.07,-95.03,True,12272.0,Tanker,Denmark,Autre
419681851,160.325,19.65,235.8,-69.0,18.55,-99.4,False,173027.2,Fishing Vessel,Malta,Autre
420101729,156.745,22.95,221.95,-107.35,30.65,-105.05,False,55739.0,Passenger Ship,Malta,Autre
420176132,159.5567,27.4,213.7,-52.07,12.07,-99.7,False,248949.6,Passenger Ship,Panama,Autre
420862582,159.2833,40.6,249.4,-91.63,27.6,-92.37,True,231104.2,Tanker,Malta,Autre
421626132,158.9267,26.27,357.83,-85.4,31.83,-87.43,True,73297.9,Container Ship,Liberia,Autre
421800471,158.695,34.72,344.75,-65.28,26.6,-81.5,False,67990.4,Passenger Ship,Panama,Autre
422236152,159.305,34.08,293.25,-70.32,20.75,-74.58,True,223781.4,General Cargo,Denmark,Autre
422364175,157.17,35.03,252.73,-50.83,22.27,-75.13,False,45229.3,Fishing Vessel,USA,Autre
422816465,159.355,22.52,349.72,-72.5,30.22,-92.28,True,138618.2,General Cargo,Bahamas,Autre
424210268,158.47,33.1,248.27,-32.13,17.17,-90.77,True,12511.8,Container Ship,Singapore,Autre
424592926,159.0312,31.56,213.15,-68.76,27.15,-100.05,True,177331.9,Passenger Ship,USA,Autre
425319931,159.55,29.65,202.65,-70.45,48.05,-103.75,True,154265.2,General Cargo,Panama,Autre
425344391,158.03,25.76,351.94,-56.58,22.74,-108.9,True,182074.9,General Cargo,Singapore,Autre
425682454,158.5417,26.83,210.35,-75.45,24.27,-99.33,False,260607.4,Container Ship,Liberia,Autre
426878147,158.6833,20.5,249.15,-62.0,23.48,-72.05,False,276238.5,Tanker,Panama,Autre
429191774,158.09,27.63,226.27,-77.1,19.3,-100.27,False,189894.1,Bulk Carrier,Denmark,Autre
429463049,159.4533,24.33,355.3,-43.1,14.07,-83.07,True,128181.5,General Cargo,Denmark,Autre
429489274,158.315,37.0,177.8,-39.35,19.3,-89.85,True,270487.0,Container Ship,China,Autre
430213890,158.4125,20.62,299.12,-43.3,30.62,-86.6,False,212195.5,Passenger Ship,France,Autre
430248110,158.875,36.65,320.72,-79.37,21.85,-105.2,True,135071.9,Fishing Vessel,Panama,Autre
430323255,159.1371,33.51,189.37,-68.93,27.16,-89.7,True,214996.6,Passenger Ship,Bahamas,Autre
431125158,158.5933,27.22,211.82,-77.4,13.42,-77.13,False,35281.0,Passenger Ship,Panama,Autre
431297958,159.0444,31.28,240.63,-75.59,19.91,-88.16,True,70820.0,Passenger Ship,USA,Autre
431340436,159.955,27.12,141.4,-86.0,18.83,-97.78,False,257336.6,Bulk Carrier,Denmark,Autre
432596188,159.464,35.74,287.16,-72.12,31.56,-80.52,True,82774.0,Fishing Vessel,France,Autre
433158282,160.19,13.3,314.7,-23.8,36.0,-61.6,True,66419.1,Bulk Carrier,Singapore,Autre
433665909,158.7575,37.58,196.0,-76.22,25.65,-88.22,True,200310.1,Passenger Ship,Marshall Islands,Autre
433980731,159.7475,35.28,153.82,-80.27,24.22,-99.8,True,175826.2,Passenger Ship,Panama,Autre
434377681,158.3,29.9,324.5,-60.45,33.75,-98.0,False,32329.8,Fishing Vessel,Denmark,Autre
436223782,160.164,23.5,247.88,-63.6,35.8,-90.86,True,201595.6,General Cargo,Panama,Autre
436352356,159.735,29.65,222.85,-77.55,32.85,-86.55,False,42237.9,Container Ship,Liberia,Autre
437879281,159.2567,33.57,275.1,-58.83,20.95,-87.02,False,285298.9,General Cargo,Singapore,Autre
438102804,158.78,22.63,260.9,-77.13,29.03,-66.9,False,70299.2,Tanker,Bahamas,Autre
439142651,159.5412,33.52,267.32,-68.08,11.1,-88.24,False,168939.9,Container Ship,Liberia,Autre
439796108,158.7575,23.75,248.78,-61.52,31.68,-105.25,False,24386.9,Container Ship,USA,Autre
440461093,159.4512,33.1,213.92,-89.92,34.24,-87.75,True,128722.8,Bulk Carrier,China,Autre
440753173,159.0825,30.35,213.71,-62.72,25.35,-92.01,True,158881.4,Passenger Ship,France,Autre
441462536,160.5,17.8,287.1,-34.8,44.6,-93.1,True,10780.6,General Cargo,USA,Autre
441799840,158.7043,30.66,211.93,-69.94,20.53,-84.01,False,24359.7,Passenger Ship,Denmark,Autre
442558328,160.19,28.95,221.72,-95.22,28.72,-103.62,True,278434.1,Container Ship,Bahamas,Autre
442995932,158.5163,37.46,210.72,-71.19,18.06,-91.46,True,80473.1,General Cargo,China,Autre
443032358,158.705,24.78,234.06,-59.97,27.5,-91.27,True,205074.6,General Cargo,Malta,Autre
443338863,160.4025,32.72,250.85,-79.78,9.72,-102.52,False,206077.9,Container Ship,Panama,Autre
443461886,158.6686,28.34,294.0,-84.11,28.03,-87.77,True,78374.7,Tanker,France,Autre
443780416,159.97,29.4,299.84,-75.08,20.81,-96.22,True,64592.1,Fishing Vessel,Singapore,Autre
443799491,159.1,19.33,178.6,-81.0,19.87,-85.8,False,170951.9,Container Ship,China,Autre
443828407,160.28,34.25,243.75,-41.35,11.05,-78.05,True,138795.5,Passenger Ship,Bahamas,Autre
444470257,158.9078,34.56,249.9,-78.26,33.67,-84.36,True,81528.7,General Cargo,China,Autre
444890693,160.2686,28.87,269.63,-73.64,18.11,-85.61,False,185935.0,Passenger Ship,USA,Autre
446212691,158.095,34.33,202.58,-91.23,18.8,-91.22,False,93253.8,Container Ship,France,Autre
447149593,160.3833,37.1,328.17,-59.27,25.27,-80.9,True,18198.4,Passenger Ship,Malta,Autre
447432545,159.052,28.64,274.06,-60.4,31.56,-81.58,True,89767.1,Tanker,Marshall Islands,Autre
448742787,157.91,32.72,206.32,-62.48,36.02,-107.34,False,275599.9,Tanker,China,Autre
448911983,161.0567,25.77,263.73,-54.57,30.77,-93.73,True,207056.6,Fishing Vessel,Liberia,Autre
449459316,157.245,30.63,270.23,-77.35,36.7,-84.93,False,81018.9,Tanker,Panama,Autre
449977525,158.9957,33.44,163.69,-81.9,32.71,-86.19,False,21868.8,Tanker,China,Autre
450391469,157.9967,34.0,258.1,-58.3,32.08,-92.62,True,51064.8,General Cargo,Malta,Autre
450769975,158.3267,38.0,347.57,-67.67,32.53,-86.15,True,98684.7,Bulk Carrier,China,Autre
451146016,158.578,23.38,118.06,-68.46,23.44,-85.44,True,192013.8,Bulk Carrier,Panama,Autre
452240475,159.8562,32.39,216.09,-71.68,27.89,-89.24,False,277986.7,Tanker,Liberia,Autre
452496498,160.12,24.65,194.55,-82.6,25.5,-60.85,True,48946.7,Fishing Vessel,Marshall Islands,Autre
452754816,157.99,30.15,282.38,-64.05,31.0,-91.42,True,164379.4,Passenger Ship,Malta,Autre
455207826,159.5329,29.11,297.56,-84.99,22.83,-88.86,True,174637.9,Bulk Carrier,Bahamas,Autre
455663655,158.7875,27.4,298.1,-36.78,23.78,-84.38,False,252543.8,Passenger Ship,France,Autre
457122734,159.042,37.7,217.3,-69.72,29.6,-81.2,True,3276.7,Tanker,Denmark,Autre
457668606,158.51,31.74,340.07,-83.27,20.9,-93.74,True,31448.0,Fishing Vessel,Liberia,Autre
458498610,160.114,31.74,133.92,-60.18,21.26,-72.54,False,122211.8,General Cargo,Denmark,Autre
459764910,157.96,34.2,141.97,-78.57,28.0,-95.98,True,84761.2,Container Ship,Bahamas,Autre
462828696,157.65,35.0,213.8,-77.8,39.2,-114.3,True,105864.6,General Cargo,France,Autre
465482524,159.4575,26.52,250.77,-101.18,20.48,-80.0,True,224826.7,Bulk Carrier,Malta,Autre
465772627,160.0929,36.49,251.89,-79.27,24.97,-87.31,True,234618.8,General Cargo,China,Autre
466000944,158.3933,33.03,267.43,-97.17,21.63,-77.93,True,185058.4,Passenger Ship,Singapore,Autre
466426533,158.9917,38.37,287.88,-58.4,20.0,-106.97,True,178212.1,Bulk Carrier,Denmark,Autre
467574402,160.015,37.38,303.3,-66.82,18.72,-80.53,False,202587.7,Fishing Vessel,France,Autre
468051507,159.9075,27.5,150.2,-99.2,22.2,-72.38,False,105590.6,Bulk Carrier,Panama,Autre
468098550,158.65,26.56,193.35,-68.92,26.68,-93.61,False,161083.3,Bulk Carrier,Liberia,Autre
468131793,161.21,31.4,48.4,-57.0,27.9,-83.0,False,225435.0,Bulk Carrier,USA,Autre
469045896,160.1633,27.93,326.4,-56.5,15.77,-85.53,True,22383.7,Fishing Vessel,France,Autre
469514250,160.414,26.92,183.76,-67.86,26.14,-91.96,False,171529.1,General Cargo,Denmark,Autre
469777847,159.6,42.6,108.6,-20.8,36.9,-88.5,True,131176.8,Tanker,China,Autre
470359883,157.55,26.22,186.1,-59.6,24.85,-89.38,False,1283.1,Tanker,China,Autre
471117456,158.1225,26.98,131.17,-62.65,14.05,-85.35,False,42573.6,Fishing Vessel,Panama,Autre
471332874,159.5525,25.24,302.16,-70.1,26.65,-82.9,False,193000.8,Tanker,Marshall Islands,Autre
471709181,158.31,40.75,106.95,-70.3,40.2,-93.05,True,159280.0,Passenger Ship,USA,Autre
471846120,159.7125,20.38,122.78,-56.48,24.92,-90.08,True,290539.8,General Cargo,USA,Autre
472097386,158.516,29.96,272.5,-53.8,20.04,-77.9,True,160048.3,Fishing Vessel,Marshall Islands,Autre
472360093,158.222,24.3,230.6,-62.34,24.24,-75.0,False,124154.1,Container Ship,Liberia,Autre
472597180,158.4657,27.83,264.77,-76.94,28.54,-95.97,True,294018.9,Container Ship,Denmark,Autre
473916468,158.73,30.54,89.4,-65.96,22.54,-111.56,True,25261.4,General Cargo,Marshall Islands,Autre
474003611,160.845,30.9,327.83,-58.32,25.82,-92.02,False,180844.7,Bulk Carrier,Denmark,Autre
474472853,160.082,32.28,327.82,-69.08,23.68,-88.84,True,259210.9,Passenger Ship,Marshall Islands,Autre
474561158,159.81,27.1,131.5,-78.47,18.53,-95.78,False,127842.9,Fishing Vessel,Marshall Islands,Autre
475112776,158.625,30.78,260.92,-66.45,33.92,-88.18,True,266341.6,Passenger Ship,Singapore,Autre
478707016,158.1367,36.97,201.28,-49.51,33.48,-88.57,True,33208.8,Tanker,Denmark,Autre
478927568,158.27,35.95,255.75,-82.45,27.75,-89.2,False,155638.1,General Cargo,Panama,Autre
479231964,158.958,29.14,375.08,-64.58,24.2,-84.22,True,153247.2,General Cargo,Marshall Islands,Autre
479502357,159.56,18.73,63.5,-65.68,31.42,-91.92,True,283727.2,Passenger Ship,Singapore,Autre
479597234,159.8,13.37,186.47,-84.0,28.6,-93.17,False,278951.8,Tanker,Liberia,Autre
481152642,159.58,27.32,253.34,-67.0,23.46,-96.52,True,112767.3,Fishing Vessel,Panama,Autre
481997523,159.4617,34.35,249.43,-86.58,35.35,-93.78,False,282803.7,General Cargo,Panama,Autre
482078287,158.0367,30.2,202.03,-51.07,37.13,-99.13,True,15691.9,Tanker,Liberia,Autre
482218335,158.4114,30.34,267.36,-83.03,27.7,-83.5,True,157936.0,Tanker,France,Autre
482501437,158.9314,34.07,241.94,-77.9,24.46,-88.57,False,4323.6,Bulk Carrier,China,Autre
482698090,158.6812,33.25,293.49,-68.01,22.34,-87.45,True,115772.6,Bulk Carrier,Liberia,Autre
484144611,159.36,24.66,324.36,-73.12,25.8,-89.54,False,254977.8,Fishing Vessel,Malta,Autre
484170624,159.0033,31.3,279.53,-59.57,30.1,-103.8,False,240367.2,Bulk Carrier,Liberia,Autre
484698904,159.8767,30.77,196.53,-42.97,20.97,-79.07,False,206206.0,Tanker,Panama,Autre
485481754,159.47,28.7,151.7,-61.98,30.12,-69.3,True,299544.9,Container Ship,Malta,Autre
486243458,158.95,32.87,191.53,-70.0,23.25,-88.23,False,155384.0,Fishing Vessel,Singapore,Autre
486924016,158.88,41.76,226.12,-63.92,23.06,-86.8,False,156848.0,Tanker,Panama,Autre
487307571,159.0212,32.85,244.3,-70.31,22.22,-97.45,False,232149.1,General Cargo,Denmark,Autre
488479599,158.4729,24.89,232.6,-85.07,34.16,-91.16,True,198503.2,Tanker,Liberia,Autre
488577018,158.7229,32.87,211.0,-55.34,27.74,-82.63,True,88610.4,Passenger Ship,Bahamas,Autre
489144334,158.2667,20.53,322.33,-74.17,14.1,-86.57,True,31078.0,Bulk Carrier,France,Autre
489917841,158.0422,32.06,260.42,-87.32,21.16,-90.06,True,234689.3,Tanker,Marshall Islands,Autre
491037315,158.9683,35.05,265.08,-77.13,21.47,-94.62,True,275603.0,Bulk Carrier,Marshall Islands,Autre
491185579,160.4133,34.53,193.73,-72.75,22.22,-89.02,False,130519.2,Container Ship,France,Autre
492235960,158.9129,27.11,288.41,-56.57,28.24,-84.93,True,31924.9,Bulk Carrier,Panama,Autre
492381951,158.7717,28.92,276.6,-71.45,29.67,-90.95,True,152368.8,Passenger Ship,Singapore,Autre
492428548,159.3,48.35,141.85,-43.15,14.1,-106.75,True,209015.7,Container Ship,Bahamas,Autre
493976714,157.48,26.15,202.25,-62.9,30.85,-82.15,True,244597.6,Passenger Ship,Singapore,Autre
494975711,159.66,26.4,319.27,-84.33,21.62,-91.5,True,124422.7,Container Ship,Bahamas,Autre
497077187,158.552,29.92,209.9,-72.28,17.22,-100.3,False,210659.7,Tanker,Singapore,Autre
497246798,158.1257,39.86,202.06,-74.47,25.47,-94.61,True,241622.7,Passenger Ship,Denmark,Autre
498001386,160.975,22.5,350.4,-60.45,19.3,-95.75,True,195619.0,Container Ship,USA,Autre
498567471,160.22,28.48,251.52,-73.5,32.57,-89.7,False,297526.9,Bulk Carrier,Panama,Autre
498768789,159.7125,26.18,262.15,-53.92,18.7,-75.75,True,283948.3,Fishing Vessel,Singapore,Autre
499604556,159.07,29.94,260.6,-66.52,12.04,-83.54,False,219251.5,General Cargo,China,Autre
499938651,159.2067,25.92,167.47,-70.37,20.5,-87.03,False,222063.5,Passenger Ship,Bahamas,Autre
500125271,159.46,21.7,178.3,-77.64,23.61,-92.6,False,254578.4,General Cargo,Singapore,Autre
500902964,157.0067,19.07,280.73,-87.4,17.93,-84.07,False,75120.5,Bulk Carrier,Liberia,Autre
503603324,157.225,32.6,228.3,-79.7,15.1,-100.35,True,233192.0,Fishing Vessel,Singapore,Autre
504126903,159.0611,28.62,112.88,-58.04,18.09,-83.11,True,242234.2,Container Ship,Liberia,Autre
504143081,158.7167,27.23,374.47,-59.8,20.3,-86.97,True,298650.8,Tanker,Malta,Autre
504831183,158.4183,28.78,159.83,-52.98,28.32,-98.42,False,62071.1,General Cargo,China,Autre
505223390,158.4833,30.1,194.6,-61.08,28.72,-92.53,True,61334.5,Fishing Vessel,Singapore,Autre
506756098,159.8325,29.96,203.89,-72.74,22.42,-91.62,False,157112.4,Fishing Vessel,Denmark,Autre
507138220,159.465,14.85,482.35,-24.3,48.0,-84.7,False,218216.3,General Cargo,Bahamas,Autre
507796518,159.0667,33.8,279.1,-56.67,36.7,-91.1,False,162239.0,Passenger Ship,USA,Autre
507890656,159.4243,33.31,198.13,-55.4,19.56,-91.06,True,53786.7,General Cargo,China,Autre
508742093,158.4167,33.83,185.42,-84.75,26.73,-82.1,True,118051.6,General Cargo,Liberia,Autre
509022925,158.2733,34.2,148.05,-92.97,34.13,-88.92,False,151437.0,Passenger Ship,Malta,Autre
510468741,157.7033,20.13,139.03,-90.57,27.17,-78.47,False,266257.7,Bulk Carrier,France,Autre
510828755,159.48,28.3,292.2,-78.9,18.7,-90.1,False,134388.8,Tanker,USA,Autre
510872204,157.76,12.3,241.9,-100.6,28.4,-73.8,False,90410.3,Container Ship,France,Autre
510967857,158.0225,23.35,86.65,-66.28,21.5,-79.72,False,146236.9,Bulk Carrier,France,Autre
511165374,160.23,39.9,104.1,-36.4,41.6,-101.25,False,277214.6,Fishing Vessel,Singapore,Autre
511350085,159.1733,22.67,285.58,-58.88,23.72,-89.35,False,149202.6,Container Ship,Bahamas,Autre
512009169,158.9186,23.74,281.9,-91.64,19.74,-94.43,True,98438.6,Tanker,Liberia,Autre
512084278,158.7117,31.93,152.93,-58.7,32.7,-91.73,True,246726.1,Bulk Carrier,France,Autre
512894233,158.63,17.9,62.2,-104.6,13.9,-67.1,False,98837.8,General Cargo,Panama,Autre
513453764,159.5867,22.95,275.15,-86.55,27.05,-89.38,False,42274.0,General Cargo,USA,Autre
513758672,158.62,33.9,244.36,-68.38,21.43,-95.98,False,39324.4,General Cargo,Liberia,Autre
515184149,157.804,27.3,239.32,-62.16,20.34,-92.18,True,93002.3,Fishing Vessel,USA,Autre
515300056,159.7687,36.7,315.68,-63.49,30.24,-92.49,True,112525.6,Bulk Carrier,Denmark,Autre
515571477,157.436,20.34,250.16,-47.28,37.58,-99.08,True,278292.0,Tanker,Malta,Autre
516479771,158.37,30.77,201.7,-85.0,28.13,-101.17,False,35894.5,Bulk Carrier,France,Autre
517049090,159.195,25.92,405.5,-82.7,24.65,-74.75,True,293872.7,General Cargo,Liberia,Autre
517405518,158.663,30.4,314.05,-71.45,32.39,-92.65,False,219220.0,Passenger Ship,Malta,Autre
518636217,158.885,38.4,329.2,-109.8,21.85,-113.25,True,180434.7,Container Ship,Denmark,Autre
518745437,157.48,31.7,423.25,-45.5,11.3,-107.0,False,56031.7,Passenger Ship,China,Autre
519121293,159.3,34.4,272.82,-72.56,33.36,-86.38,False,224619.5,General Cargo,Liberia,Autre
520054675,158.2125,22.68,286.12,-62.8,28.62,-76.42,True,169867.4,Container Ship,Singapore,Autre
520255194,160.08,29.4,142.7,-82.25,14.15,-91.75,True,178825.5,Container Ship,Singapore,Autre
520578344,158.92,39.53,322.17,-47.13,31.43,-83.67,True,227808.1,Passenger Ship,Bahamas,Autre
520580257,157.865,36.08,261.95,-65.5,22.9,-100.25,True,211136.3,Passenger Ship,France,Autre
522395156,159.75,30.45,404.65,-72.45,11.05,-104.9,True,87347.0,Fishing Vessel,USA,Autre
522604490,157.9243,31.83,272.33,-61.0,29.2,-87.81,True,163460.2,Passenger Ship,USA,Autre
524295608,159.0825,25.45,200.62,-82.4,43.78,-83.28,True,39064.8,Bulk Carrier,Panama,Autre
525093906,158.9457,36.49,300.69,-71.9,20.11,-85.21,False,30348.4,Passenger Ship,USA,Autre
525197879,158.43,25.21,254.3,-68.36,15.53,-98.11,True,257227.8,Tanker,Liberia,Autre
525724682,159.6333,33.37,223.73,-52.13,30.97,-108.07,False,19902.2,Bulk Carrier,USA,Autre
525862714,160.525,14.95,200.45,-52.4,25.0,-75.9,True,242800.0,Bulk Carrier,Panama,Autre
527862060,158.8383,27.2,353.08,-56.32,23.68,-94.95,False,119573.3,General Cargo,Marshall Islands,Autre
528269609,158.0925,22.02,330.98,-71.18,31.02,-79.72,False,112387.9,Fishing Vessel,China,Autre
529075482,158.254,20.54,224.9,-79.88,13.14,-84.62,False,40679.7,Container Ship,Marshall Islands,Autre
529630684,159.6533,24.53,249.97,-77.2,7.47,-92.17,True,119064.3,Tanker,Denmark,Autre
530158148,160.23,28.6,265.1,-92.15,17.3,-80.8,True,241502.6,General Cargo,Denmark,Autre
531169485,158.515,26.13,301.6,-90.63,21.78,-97.23,False,79815.8,General Cargo,Liberia,Autre
531282226,159.3225,28.08,187.85,-52.68,26.11,-84.24,False,228591.5,Container Ship,Singapore,Autre
535166257,160.222,32.36,204.16,-60.12,9.62,-87.44,False,179514.7,Container Ship,Singapore,Autre
535376810,157.63,27.57,256.83,-66.33,31.1,-83.43,True,96159.9,Tanker,USA,Autre
535652730,158.6575,21.02,260.5,-67.15,22.38,-89.55,False,178747.7,Bulk Carrier,Malta,Autre
536588185,158.682,30.83,303.26,-83.06,26.08,-82.5,False,152539.7,General Cargo,USA,Autre
537006791,158.884,33.32,294.2,-60.64,17.32,-94.3,False,129584.2,Passenger Ship,Denmark,Autre
537057172,158.93,32.96,148.61,-71.91,24.61,-89.46,False,68223.9,Passenger Ship,China,Autre
537549824,159.0,37.98,299.94,-53.5,24.74,-88.82,True,58186.5,General Cargo,Malta,Autre
538393289,160.125,30.33,156.23,-76.53,19.95,-89.55,False,37115.7,Bulk Carrier,Malta,Marshall Islands
538642695,158.9833,28.57,200.0,-72.1,27.6,-87.53,False,151934.0,Passenger Ship,Singapore,Marshall Islands
539476072,158.6675,38.3,439.32,-50.03,36.8,-93.2,True,189848.9,Tanker,Panama,Autre
539864913,159.3667,31.33,299.27,-69.1,21.83,-84.75,False,247628.4,General Cargo,China,Autre
541119258,159.095,25.3,130.27,-68.58,26.08,-95.17,False,221976.9,Tanker,Liberia,Autre
543045682,160.54,40.8,388.75,-67.0,15.35,-66.95,False,111343.6,Tanker,USA,Autre
543131057,158.5275,28.05,262.05,-67.95,17.9,-83.3,False,57560.3,Container Ship,Malta,Autre
543784647,158.8725,34.83,168.6,-75.15,34.92,-93.18,True,41053.0,Container Ship,Malta,Autre
544068709,159.066,32.22,276.14,-70.48,27.88,-89.24,False,260782.4,Container Ship,Marshall Islands,Autre
544496921,158.3514,28.29,173.07,-79.71,13.17,-83.51,True,9022.6,Tanker,Denmark,Autre
544913102,159.83,23.73,291.77,-78.33,32.97,-88.03,False,22889.4,Tanker,Malta,Autre
545033469,158.0,24.33,243.87,-43.53,15.97,-90.03,True,125575.1,Bulk Carrier,Singapore,Autre
545105896,156.3,12.8,48.4,-87.8,11.1,-109.3,False,231242.6,Container Ship,Bahamas,Autre
545386868,158.5833,26.43,395.1,-40.0,27.8,-93.97,False,241976.7,General Cargo,Denmark,Autre
548068452,158.99,36.2,273.3,-69.3,38.45,-100.55,False,267429.2,Bulk Carrier,Marshall Islands,Autre
548124432,158.005,30.83,273.9,-56.12,21.72,-72.52,True,165567.6,Bulk Carrier,China,Autre
548384565,159.7757,30.9,247.57,-71.03,14.16,-100.34,False,85981.5,Tanker,Panama,Autre
548536338,158.375,32.8,261.35,-75.1,23.28,-99.32,True,292779.8,General Cargo,Panama,Autre
548806116,158.26,26.4,194.13,-63.93,24.97,-75.57,True,168852.4,General Cargo,China,Autre
548985726,159.202,31.96,281.82,-70.58,21.34,-87.84,False,18634.7,Fishing Vessel,Bahamas,Autre
549787961,158.9183,26.65,284.37,-88.47,26.6,-88.08,False,252126.9,General Cargo,China,Autre
551710952,158.916,37.56,346.7,-80.88,28.74,-94.54,False,261399.6,Tanker,China,Autre
552519459,158.72,29.99,188.66,-51.88,17.09,-91.62,False,190610.0,General Cargo,Malta,Autre
553298294,158.614,35.0,263.38,-89.96,12.82,-69.36,False,42482.9,Fishing Vessel,Malta,Autre
554310783,159.5914,25.64,343.43,-67.36,21.06,-98.8,False,107940.2,Container Ship,Liberia,Autre
554544656,158.3725,29.78,231.18,-82.0,41.32,-100.5,False,59730.1,General Cargo,Liberia,Autre
556310104,159.655,29.22,253.5,-46.78,21.38,-98.5,False,207649.6,Passenger Ship,Marshall Islands,Autre
556460612,159.394,31.84,221.34,-64.0,28.04,-87.48,False,216586.7,Bulk Carrier,China,Autre
556615041,157.405,23.3,277.7,-46.65,22.55,-88.85,True,196800.9,Fishing Vessel,Panama,Autre
556636357,159.9667,40.23,145.03,-87.67,22.87,-92.63,False,283101.1,Passenger Ship,China,Autre
557579724,158.4767,23.77,206.17,-82.8,31.0,-81.37,True,151091.7,General Cargo,France,Autre
557703737,159.994,25.84,212.88,-81.5,28.54,-83.1,True,207015.3,General Cargo,Marshall Islands,Autre
558380004,157.795,26.9,266.85,-64.9,31.3,-110.05,True,125942.1,Fishing Vessel,Singapore,Autre
558449339,159.165,31.12,284.14,-74.95,31.86,-87.1,False,273280.0,Fishing Vessel,Panama,Autre
559795298,160.4875,18.08,214.35,-81.32,22.3,-80.3,False,287952.3,General Cargo,Panama,Autre
559968652,158.97,29.8,219.6,-94.3,18.24,-93.44,True,57370.6,Tanker,Panama,Autre
560033049,159.0333,30.0,247.77,-82.3,22.37,-93.6,False,140880.3,Passenger Ship,China,Autre
561690462,159.616,25.28,278.36,-73.1,26.66,-104.02,False,103145.5,Bulk Carrier,Panama,Autre
562875712,160.32,43.2,3.5,-113.0,49.7,-88.8,True,23542.0,Tanker,France,Autre
563249678,158.3414,30.83,264.21,-79.74,32.51,-94.47,True,66897.7,Tanker,USA,Singapore
563404199,158.395,25.75,185.35,-86.25,23.15,-85.75,False,12567.2,Bulk Carrier,Denmark,Singapore
563497602,157.765,34.45,121.85,-72.85,28.65,-74.7,True,72832.4,Passenger Ship,Liberia,Singapore
564065072,157.98,28.02,296.89,-73.3,18.76,-85.32,False,129221.3,Container Ship,Liberia,Singapore
565056189,158.5067,21.35,158.53,-64.78,7.48,-86.08,True,125955.8,Passenger Ship,France,Singapore
565842368,158.98,27.6,216.58,-82.2,13.7,-89.9,True,132833.3,Bulk Carrier,China,Singapore
566098838,159.095,26.77,258.22,-63.22,14.95,-89.57,False,85682.2,Bulk Carrier,China,Autre
566572399,158.88,32.33,260.65,-69.52,23.15,-104.52,True,40753.7,Container Ship,Panama,Autre
566835528,159.075,28.68,151.42,-64.07,16.72,-90.45,False,78595.1,Tanker,Malta,Autre
567624139,159.03,36.0,168.46,-62.5,37.12,-97.04,True,268724.5,Fishing Vessel,Malta,Autre
567867003,158.2543,31.01,235.93,-54.46,20.4,-91.2,False,225216.7,Container Ship,USA,Autre
568118485,159.7989,33.0,345.17,-59.3,22.04,-96.42,False,203968.0,Fishing Vessel,Panama,Autre
568947254,159.52,33.73,264.27,-76.93,20.37,-101.67,False,249588.7,Fishing Vessel,Bahamas,Autre
570192084,158.93,34.5,263.76,-66.0,25.08,-90.24,True,38424.9,Fishing Vessel,Malta,Autre
570320500,159.502,26.32,183.18,-69.74,20.92,-95.36,True,173597.7,General Cargo,France,Autre
570452367,159.208,38.98,281.36,-74.44,26.68,-89.98,True,16724.6,Fishing Vessel,Malta,Autre
570495346,158.78,24.7,368.1,-72.1,31.0,-92.8,False,143616.7,Bulk Carrier,Panama,Autre
570937640,157.16,40.3,152.85,-94.55,32.0,-89.5,True,128768.9,General Cargo,France,Autre
571342118,158.185,25.83,202.56,-44.61,26.67,-85.19,True,127324.4,Tanker,USA,Autre
571770455,159.6333,28.17,245.13,-100.6,30.83,-90.13,False,138616.4,Passenger Ship,Panama,Autre
571927479,158.575,24.02,320.98,-63.55,21.98,-79.58,False,175811.3,Passenger Ship,Malta,Autre
572005284,159.99,21.42,307.13,-77.77,13.53,-84.67,True,61115.2,Fishing Vessel,Malta,Autre
572199062,159.974,26.5,257.46,-61.18,22.48,-76.64,True,174290.6,Fishing Vessel,Malta,Autre
572400748,156.97,29.8,270.75,-78.65,31.75,-99.25,False,163072.8,Container Ship,Bahamas,Autre
573145682,159.7225,16.7,429.98,-65.47,29.02,-87.12,True,195007.6,Passenger Ship,Marshall Islands,Autre
573332179,158.0,35.05,321.15,-52.75,24.0,-92.7,True,261673.1,Container Ship,Malta,Autre
574475615,158.29,28.31,223.36,-71.84,29.07,-94.86,False,172830.9,Bulk Carrier,Bahamas,Autre
575896922,159.2057,25.2,137.83,-87.19,20.69,-79.96,True,127595.5,Bulk Carrier,Malta,Autre
576154640,158.588,28.86,193.1,-80.76,34.5,-93.42,False,61143.5,Container Ship,Singapore,Autre
577242803,159.642,30.54,198.72,-68.52,28.48,-98.58,False,88043.8,Bulk Carrier,China,Autre
578585585,158.145,28.18,285.62,-58.38,23.78,-92.88,False,185875.2,Fishing Vessel,Bahamas,Autre
579409855,159.4575,22.85,305.58,-67.38,16.7,-74.2,False,22483.8,Fishing Vessel,Panama,Autre
580046531,158.5767,26.07,310.17,-52.48,26.6,-92.45,True,176350.3,Container Ship,Marshall Islands,Autre
580125089,161.1125,33.45,362.95,-72.68,30.18,-95.25,True,160288.0,Tanker,France,Autre
580232268,159.7567,28.7,214.87,-57.5,20.87,-83.0,True,207403.3,Bulk Carrier,Denmark,Autre
580586117,158.545,34.1,288.28,-89.72,28.95,-101.88,False,158195.3,Bulk Carrier,Singapore,Autre
580720286,156.47,12.55,208.45,-83.85,21.7,-98.95,True,33799.3,General Cargo,Panama,Autre
581386673,158.7,25.53,290.53,-42.23,23.93,-75.57,True,58866.6,Bulk Carrier,Panama,Autre
583562034,159.6629,32.4,293.54,-61.29,16.71,-92.21,False,286014.9,Bulk Carrier,Malta,Autre
583773375,159.2967,27.87,279.43,-88.83,11.37,-76.0,False,245204.2,Bulk Carrier,Marshall Islands,Autre
583912546,159.6583,32.82,316.2,-59.27,35.63,-85.0,True,131248.7,Fishing Vessel,Liberia,Autre
584940566,159.958,37.82,271.32,-59.7,37.46,-92.32,False,278634.3,General Cargo,Denmark,Autre
585113614,160.2917,29.82,161.47,-70.25,22.58,-90.45,True,275887.1,General Cargo,Malta,Autre
585807313,158.375,28.57,288.83,-56.98,23.67,-94.0,False,110862.0,Fishing Vessel,China,Autre
586349749,160.4625,35.98,314.08,-70.7,21.4,-85.25,False,247008.0,General Cargo,Panama,Autre
587194626,158.27,30.73,262.53,-54.73,27.3,-97.4,False,270942.8,Fishing Vessel,Liberia,Autre
587285928,158.3367,28.05,190.9,-62.83,29.38,-88.65,False,10535.4,Bulk Carrier,Panama,Autre
588758491,158.87,34.41,182.83,-68.3,24.71,-85.37,True,39967.9,Fishing Vessel,Marshall Islands,Autre
588766776,158.72,33.88,233.45,-71.38,10.28,-85.2,False,3591.7,Bulk Carrier,Singapore,Autre
591088258,157.948,32.52,308.66,-60.96,24.24,-97.54,False,252865.1,Container Ship,France,Autre
591277434,160.5567,38.43,330.73,-71.37,35.73,-88.83,False,127598.0,Bulk Carrier,China,Autre
591313077,159.82,28.52,263.48,-79.8,16.63,-79.82,True,218452.1,Tanker,USA,Autre
591498401,160.488,27.06,267.04,-87.62,23.48,-88.72,True,1636.3,Container Ship,Denmark,Autre
592309524,157.9325,25.02,355.05,-71.5,22.55,-97.1,True,279581.9,General Cargo,Malta,Autre
592723540,157.91,23.8,479.5,-92.3,30.4,-65.1,False,103448.6,Fishing Vessel,Marshall Islands,Autre
593228934,159.8783,34.67,308.72,-66.02,20.1,-73.95,True,79912.7,Passenger Ship,Liberia,Autre
593778451,159.42,28.0,279.2,-70.87,32.83,-77.7,False,119267.4,General Cargo,France,Autre
595349224,159.6,35.07,232.5,-41.42,28.73,-91.58,False,99671.8,Tanker,France,Autre
597091746,158.3775,31.95,230.62,-66.88,22.78,-90.35,False,28458.3,General Cargo,France,Autre
597682613,158.946,31.48,279.98,-69.12,28.12,-97.64,False,263182.6,Tanker,Bahamas,Autre
598230058,158.8712,35.08,310.24,-60.89,28.32,-88.98,False,282052.7,General Cargo,USA,Autre
598468769,158.6317,31.17,334.75,-55.7,17.8,-91.55,True,262105.8,Tanker,France,Autre
598504483,159.3638,34.08,188.81,-76.45,26.79,-90.85,True,134608.6,Fishing Vessel,Panama,Autre
599067818,158.4975,33.4,257.5,-53.2,20.95,-89.7,False,125623.6,Tanker,Panama,Autre
599501374,158.3312,26.5,299.84,-77.62,39.33,-102.09,True,151920.6,Passenger Ship,USA,Autre
599525298,159.202,30.28,272.74,-85.4,26.52,-91.24,True,109483.1,Passenger Ship,Denmark,Autre
600006033,158.7938,25.7,251.31,-66.89,16.19,-100.55,False,255812.6,General Cargo,USA,Autre
600283742,160.48,24.78,365.08,-73.2,14.42,-85.54,True,17690.5,Passenger Ship,France,Autre
601362648,159.586,22.36,267.46,-74.08,25.14,-81.72,True,166824.6,Bulk Carrier,Panama,Autre
602448584,159.145,25.45,184.5,-100.0,27.7,-107.3,False,256802.8,Tanker,Denmark,Autre
603186147,159.77,36.36,153.4,-77.74,30.5,-95.4,False,123167.2,Fishing Vessel,Malta,Autre
604101348,159.7356,27.92,186.41,-75.62,21.2,-91.14,True,15797.1,Passenger Ship,USA,Autre
604824558,158.3871,34.24,347.19,-64.69,16.69,-82.13,True,193370.6,Passenger Ship,Denmark,Autre
604969493,161.79,41.0,171.5,-85.6,47.1,-82.1,False,91276.5,Container Ship,China,Autre
606592283,160.06,29.23,204.1,-50.27,46.57,-82.9,False,3800.2,Container Ship,USA,Autre
607056461,158.4683,25.38,266.72,-87.97,25.8,-84.97,True,239842.7,Passenger Ship,Singapore,Autre
607110638,157.842,26.26,231.28,-77.2,20.5,-87.6,False,195369.6,Passenger Ship,Singapore,Autre
607651473,158.4967,29.92,150.98,-70.41,20.72,-91.16,True,12936.2,Bulk Carrier,Panama,Autre
607981004,158.7057,26.63,268.21,-66.8,18.56,-89.23,True,45746.9,Passenger Ship,Liberia,Autre
608090942,159.2271,34.27,248.46,-59.27,29.93,-101.56,True,38273.9,Bulk Carrier,France,Autre
608121001,160.1425,20.8,218.7,-68.35,17.35,-82.85,True,58870.5,Bulk Carrier,China,Autre
608459693,158.9011,25.38,267.72,-75.26,21.71,-92.09,True,27314.3,Bulk Carrier,Malta,Autre
609473975,158.8138,27.09,270.85,-82.06,25.59,-88.04,False,86031.2,Passenger Ship,USA,Autre
609530496,158.57,28.4,204.02,-51.25,29.68,-88.7,False,289381.1,Fishing Vessel,Panama,Autre
610514358,158.445,30.05,327.35,-70.85,46.7,-71.2,True,104807.4,Fishing Vessel,Marshall Islands,Autre
610868842,158.7133,24.2,307.47,-68.83,14.47,-80.63,False,139134.1,Tanker,Singapore,Autre
611040535,160.178,27.54,228.72,-92.7,24.42,-94.88,False,22318.8,Passenger Ship,China,Autre
611865374,158.8014,25.0,247.27,-80.96,20.64,-79.44,True,285058.1,Fishing Vessel,Marshall Islands,Autre
611918295,159.7011,26.1,223.04,-74.73,26.66,-92.14,False,212680.6,Bulk Carrier,China,Autre
612140966,159.025,13.9,91.3,-76.9,34.65,-62.65,True,189904.7,Container Ship,Marshall Islands,Autre
613708156,159.9825,33.62,296.05,-79.7,25.22,-81.8,False,135557.0,Fishing Vessel,Marshall Islands,Autre
613718689,158.615,32.23,227.3,-53.13,28.02,-91.55,False,280074.8,Fishing Vessel,China,Autre
613845594,157.806,23.98,395.46,-82.76,21.48,-92.42,True,16205.9,Tanker,Bahamas,Autre
613973879,157.704,33.92,276.64,-80.34,23.74,-95.36,False,186548.1,Bulk Carrier,China,Autre
614022050,156.79,36.57,317.23,-91.03,5.9,-92.93,False,124492.3,Fishing Vessel,Panama,Autre
614309377,158.665,32.4,353.38,-81.22,23.5,-91.68,False,59670.7,Tanker,Marshall Islands,Autre
614687847,158.255,27.52,201.08,-88.22,21.42,-112.7,False,72881.6,Passenger Ship,China,Autre
614933936,157.6675,17.5,306.85,-67.95,17.15,-89.75,False,297602.9,General Cargo,Singapore,Autre
616945014,158.6471,31.8,252.49,-73.04,27.84,-97.36,False,43132.5,General Cargo,USA,Autre
619240990,160.22,25.16,339.54,-47.86,18.32,-82.24,False,94852.3,Bulk Carrier,Marshall Islands,Autre
619375900,156.89,40.4,391.7,-81.45,13.65,-85.5,True,54177.5,General Cargo,Singapore,Autre
620065675,159.686,31.28,290.84,-59.58,23.04,-89.98,True,134782.3,Container Ship,France,Autre
620300412,159.546,28.04,321.18,-41.8,31.48,-83.84,True,44779.5,Container Ship,Panama,Autre
621733378,158.3062,26.58,214.14,-75.35,26.02,-74.34,False,242604.9,General Cargo,Singapore,Autre
621889321,157.79,44.1,258.0,-21.7,26.0,-119.1,False,31657.9,Container Ship,France,Autre
624645703,159.4714,26.31,246.7,-64.3,22.87,-91.89,False,168057.7,Tanker,Liberia,Autre
624716449,159.712,23.82,335.1,-69.56,27.68,-89.08,False,152323.4,General Cargo,Marshall Islands,Autre
624983313,158.745,33.4,386.48,-86.22,24.92,-109.8,False,201587.5,Container Ship,Marshall Islands,Autre
625178192,158.7867,23.73,307.57,-77.2,45.5,-88.63,False,209779.2,Passenger Ship,Singapore,Autre
625441675,158.59,26.9,412.0,-23.0,21.1,-101.2,True,154109.6,Passenger Ship,Marshall Islands,Autre
625555616,159.8388,25.1,177.22,-75.11,28.76,-93.06,False,24488.6,Tanker,Panama,Autre
627568457,158.934,26.74,290.22,-72.8,30.48,-97.18,True,261952.8,Container Ship,France,Autre
628571464,158.61,19.0,289.23,-65.55,25.68,-91.72,True,152648.3,Passenger Ship,China,Autre
629456642,159.71,25.3,332.0,-89.9,12.3,-118.7,False,250752.1,Passenger Ship,Bahamas,Autre
629607462,159.295,21.45,312.55,-81.22,25.52,-77.92,False,197793.9,Bulk Carrier,Panama,Autre
629949963,159.195,29.75,138.05,-95.75,28.95,-74.05,False,205989.8,Passenger Ship,France,Autre
630180360,158.1983,33.45,324.52,-55.83,21.22,-95.55,False,232376.0,Container Ship,Panama,Autre
630611193,159.8325,27.08,152.85,-92.32,31.6,-79.18,False,173504.4,Bulk Carrier,Marshall Islands,Autre
630752895,159.4786,32.66,242.23,-82.14,25.7,-94.21,False,293635.3,Fishing Vessel,China,Autre
630842944,160.234,30.16,265.46,-87.72,27.2,-94.76,False,290860.7,Container Ship,USA,Autre
630898988,159.7467,36.03,430.4,-62.27,22.77,-82.8,False,28025.9,Tanker,China,Autre
631257671,158.182,32.26,228.8,-82.54,21.4,-92.76,False,214476.2,Passenger Ship,Bahamas,Autre
632129532,158.8911,33.47,217.32,-71.97,21.28,-86.07,False,94047.7,Fishing Vessel,Denmark,Autre
632636162,158.7817,22.98,303.67,-82.98,38.07,-112.03,True,142001.0,Fishing Vessel,USA,Autre
632924730,159.0025,30.1,276.73,-75.12,32.62,-83.75,False,136950.3,Fishing Vessel,Malta,Autre
633114101,158.2433,22.0,194.07,-77.37,31.6,-103.13,False,107441.9,Container Ship,China,Autre
634057757,158.6033,36.17,62.27,-91.93,43.1,-92.8,True,124066.9,Passenger Ship,Liberia,Autre
634142832,158.032,36.02,334.12,-44.18,28.86,-101.92,False,11705.4,Tanker,Singapore,Autre
636086009,158.63,27.82,245.6,-62.44,23.42,-85.4,False,28129.0,General Cargo,Liberia,Liberia
636613948,160.362,27.44,229.32,-75.22,16.38,-85.96,False,160665.0,Container Ship,Liberia,Liberia
636673685,159.038,24.92,212.06,-63.54,32.68,-83.74,False,272162.7,Passenger Ship,Malta,Liberia
637173265,161.54,14.9,35.6,-69.8,49.9,-94.5,True,137227.9,Bulk Carrier,Denmark,Liberia
637825183,159.1533,31.63,207.77,-70.43,21.87,-94.1,False,244396.8,Fishing Vessel,Marshall Islands,Liberia
637883177,157.5086,31.1,177.03,-77.3,24.07,-80.77,False,127969.1,Tanker,Panama,Liberia
638790258,159.8638,27.76,197.8,-58.49,19.64,-94.84,True,185108.1,General Cargo,Liberia,Autre
639076915,158.9867,27.63,198.0,-58.83,25.52,-91.77,False,228775.3,Container Ship,Liberia,Autre
641088694,159.4233,40.68,339.08,-70.68,20.15,-90.45,False,65096.1,General Cargo,Singapore,Autre
641127136,159.9383,34.43,287.33,-75.88,26.7,-85.65,False,267144.9,General Cargo,Bahamas,Autre
641208534,159.922,25.4,187.28,-49.26,23.34,-101.66,True,194382.9,Container Ship,Malta,Autre
641636735,159.008,29.02,296.02,-77.74,17.14,-80.26,True,175354.4,Bulk Carrier,France,Autre
641942797,158.372,27.46,234.24,-67.76,14.0,-101.68,False,173637.8,Passenger Ship,Marshall Islands,Autre
642006437,160.3567,38.53,220.27,-87.87,18.37,-86.57,False,80747.8,Bulk Carrier,Marshall Islands,Autre
642476777,159.2733,43.4,380.83,-76.43,32.47,-99.47,False,221906.5,Fishing Vessel,China,Autre
642530542,159.14,22.03,347.6,-58.0,23.87,-87.83,True,49310.3,General Cargo,Liberia,Autre
642979664,159.4533,36.13,286.93,-41.93,30.67,-95.87,False,92435.8,Passenger Ship,Singapore,Autre
643668564,158.9543,24.81,271.17,-65.57,32.71,-85.64,True,20920.3,Fishing Vessel,France,Autre
643906365,159.7817,30.58,352.48,-85.4,10.07,-89.38,False,97883.1,Container Ship,Malta,Autre
644494022,158.46,32.97,92.38,-74.33,22.77,-81.58,True,141285.6,Container Ship,Singapore,Autre
645040370,159.48,35.38,247.32,-61.95,19.75,-70.7,False,24402.7,Tanker,Liberia,Autre
645475822,159.9,24.71,265.43,-76.27,25.16,-82.11,False,85382.8,Tanker,Singapore,Autre
646035868,158.36,47.75,60.75,-40.25,26.8,-83.95,False,65553.0,Container Ship,Singapore,Autre
647153817,161.28,22.7,312.2,-22.3,21.7,-60.5,True,123365.5,General Cargo,China,Autre
647288961,160.5867,21.87,363.97,-55.2,28.53,-87.07,False,136531.2,Container Ship,Denmark,Autre
647506411,156.07,25.5,67.2,-32.9,9.3,-77.0,False,286115.6,Fishing Vessel,Marshall Islands,Autre
647805776,158.58,27.38,235.2,-88.9,37.72,-94.5,True,7822.9,Bulk Carrier,Bahamas,Autre
647830647,159.4222,31.8,341.89,-80.53,22.28,-90.69,False,23535.2,Bulk Carrier,Panama,Autre
647913365,158.7967,34.98,326.93,-60.13,31.1,-92.45,True,141540.0,Fishing Vessel,France,Autre
648657172,160.8775,28.05,164.38,-69.12,14.72,-88.65,True,30472.5,Container Ship,Denmark,Autre
648721599,158.894,33.86,229.68,-70.38,23.78,-82.22,True,42426.0,Passenger Ship,Panama,Autre
649179064,159.02,40.18,166.68,-77.24,26.7,-88.6,False,93401.4,Tanker,Panama,Autre
649886379,158.98,36.65,196.35,-83.4,41.05,-90.95,True,135709.4,General Cargo,USA,Autre
650238672,159.4312,24.24,204.74,-40.7,23.56,-98.46,False,13803.6,Container Ship,Singapore,Autre
652343612,158.995,29.08,345.68,-64.25,28.98,-97.95,True,272715.4,General Cargo,USA,Autre
652847414,158.882,27.28,293.48,-57.7,24.44,-89.5,True,12668.0,Tanker,Malta,Autre
652949635,158.3975,31.48,263.4,-63.88,18.55,-83.32,True,131387.5,Bulk Carrier,Singapore,Autre
653490597,160.2,29.6,233.22,-82.3,31.48,-77.68,True,209611.1,Fishing Vessel,Singapore,Autre
654243705,158.776,24.72,247.72,-72.73,26.52,-86.66,True,186723.7,Container Ship,USA,Autre
656481138,159.2912,30.84,304.29,-67.81,20.05,-85.31,True,171195.8,Fishing Vessel,Panama,Autre
656938489,160.66,19.4,199.9,-68.6,47.3,-118.7,False,297510.9,Tanker,Panama,Autre
657721811,159.35,30.47,257.6,-60.89,32.51,-86.69,False,40764.8,Passenger Ship,China,Autre
659248773,158.444,34.34,252.9,-64.26,19.06,-87.52,True,238317.3,Fishing Vessel,Malta,Autre
659326175,159.3212,26.91,247.44,-68.65,26.6,-85.18,True,202088.2,Bulk Carrier,Liberia,Autre
659731996,160.35,33.64,195.44,-59.84,34.56,-97.5,True,269193.1,Tanker,Bahamas,Autre
660008982,158.441,24.3,244.35,-70.36,22.22,-84.99,False,21114.9,Tanker,Marshall Islands,Autre
660103569,157.4117,36.77,207.42,-68.7,19.63,-88.3,False,188677.6,Container Ship,Liberia,Autre
660140090,159.9475,26.65,227.98,-58.52,31.72,-75.05,True,111065.2,Passenger Ship,France,Autre
660326323,157.975,22.72,280.03,-77.55,13.68,-98.28,True,203362.3,General Cargo,Singapore,Autre
660617716,159.56,29.4,197.2,-67.3,25.33,-88.83,True,16655.3,General Cargo,Denmark,Autre
661759768,159.6457,28.51,289.37,-68.23,20.8,-84.83,True,4849.6,General Cargo,Singapore,Autre
662348240,158.62,21.05,260.1,-47.9,24.15,-99.9,False,181180.0,Passenger Ship,Denmark,Autre
664640837,158.85,32.21,145.81,-79.5,31.74,-96.16,True,282569.7,Container Ship,Singapore,Autre
665043604,159.586,27.36,167.16,-66.74,29.72,-87.02,True,55938.6,Tanker,China,Autre
665395794,157.82,28.6,197.83,-60.87,43.1,-93.2,False,191456.6,Fishing Vessel,Marshall Islands,Autre
666033258,158.06,26.94,256.82,-49.02,30.56,-94.02,False,215619.7,Bulk Carrier,Panama,Autre
666126066,160.385,32.42,343.08,-68.12,23.05,-91.25,False,243386.7,Passenger Ship,Liberia,Autre
667225274,158.82,31.08,291.65,-80.22,22.98,-106.45,False,7341.3,General Cargo,Denmark,Autre
667673622,158.1167,31.85,126.63,-68.48,27.67,-84.47,False,22914.2,Container Ship,Denmark,Autre
667865493,158.9956,24.18,289.22,-79.84,30.08,-80.9,False,228610.8,Passenger Ship,Marshall Islands,Autre
668956359,159.5414,29.44,237.81,-61.21,19.33,-78.81,True,73283.4,General Cargo,Malta,Autre
669664879,159.345,36.17,265.38,-68.78,33.25,-71.72,True,217774.9,Container Ship,Liberia,Autre
671354147,158.275,31.03,235.28,-76.22,29.17,-102.3,False,3456.6,Fishing Vessel,Singapore,Autre
671439793,158.985,24.2,393.95,-50.5,38.5,-77.95,False,132045.8,General Cargo,China,Autre
671793762,159.015,19.9,223.35,-35.5,14.9,-94.6,True,124837.8,Tanker,Singapore,Autre
674133860,158.176,30.56,323.38,-67.08,25.48,-87.84,True,202075.4,General Cargo,France,Autre
674904608,158.5233,22.87,245.27,-58.77,29.13,-89.17,False,108172.2,Tanker,USA,Autre
675065379,158.755,31.25,161.01,-63.88,21.51,-89.58,True,214576.6,Passenger Ship,Panama,Autre
675342430,158.1575,31.8,265.05,-44.38,14.15,-89.5,False,47422.4,Container Ship,Marshall Islands,Autre
675632623,159.7975,28.5,186.95,-63.98,25.55,-106.62,True,241365.1,Tanker,Malta,Autre
675737967,158.62,49.5,437.4,-58.2,36.3,-72.2,True,226372.0,Tanker,Malta,Autre
677561700,159.9967,30.47,233.22,-76.9,16.97,-80.63,False,286666.3,General Cargo,USA,Autre
677959191,158.7883,29.82,251.88,-67.97,20.08,-80.6,False,120046.8,Bulk Carrier,Denmark,Autre
678158398,158.7013,35.48,287.0,-48.5,25.56,-92.05,False,298303.7,Tanker,France,Autre
678673276,159.4725,22.72,317.75,-61.25,11.45,-74.8,True,131878.8,Passenger Ship,Liberia,Autre
679220360,158.24,34.15,150.85,-70.05,15.75,-66.1,False,238686.4,Bulk Carrier,Marshall Islands,Autre
679498794,158.1375,30.15,367.18,-79.32,27.58,-78.38,True,87971.1,Bulk Carrier,Marshall Islands,Autre
679504462,159.06,35.0,241.7,-62.57,24.1,-95.2,True,232845.5,Fishing Vessel,France,Autre
679668591,159.23,30.3,242.0,-61.15,23.78,-86.7,False,274910.7,Container Ship,USA,Autre
680213971,159.7875,26.65,308.17,-56.82,26.55,-79.03,False,29002.4,Bulk Carrier,USA,Autre
680476451,160.1157,28.33,149.6,-58.59,29.86,-73.34,True,56584.1,Passenger Ship,Denmark,Autre
682698033,158.666,26.27,259.02,-69.7,35.77,-101.62,False,57274.2,Bulk Carrier,Malta,Autre
683276186,159.238,22.66,248.92,-85.98,21.58,-91.26,False,92916.5,Bulk Carrier,Bahamas,Autre
683402053,160.0583,29.68,255.42,-77.32,24.83,-85.9,True,48367.9,Fishing Vessel,France,Autre
683663765,159.048,30.38,289.12,-61.76,13.18,-93.2,False,173686.2,Passenger Ship,Denmark,Autre
684534584,158.5686,27.79,193.53,-76.44,31.11,-95.46,True,131602.5,General Cargo,Malta,Autre
685694091,159.01,26.23,302.23,-75.63,23.3,-91.13,False,138420.7,Passenger Ship,Denmark,Autre
686208585,159.415,27.62,144.82,-70.7,17.98,-76.0,True,142328.7,General Cargo,Bahamas,Autre
686834541,159.2867,33.47,206.7,-70.23,28.23,-89.53,True,69895.2,Fishing Vessel,Singapore,Autre
687486089,159.566,29.0,204.26,-66.02,24.12,-95.64,True,260799.9,Bulk Carrier,Marshall Islands,Autre
688105049,159.0814,21.96,216.57,-74.07,30.29,-91.04,True,47819.0,Fishing Vessel,Malta,Autre
689796314,159.8057,35.69,271.54,-68.2,24.24,-92.31,False,292977.9,General Cargo,Bahamas,Autre
691566561,158.6975,28.22,127.25,-60.78,20.12,-92.42,True,282441.4,Tanker,Malta,Autre
692604640,158.9,26.49,121.26,-65.41,28.63,-85.64,False,235161.6,Passenger Ship,Malta,Autre
693467838,158.939,31.08,267.21,-76.34,30.67,-91.17,True,247928.1,Tanker,Singapore,Autre
694118682,160.09,31.7,245.55,-84.68,33.52,-73.82,True,38064.4,General Cargo,France,Autre
696020593,159.23,27.9,87.42,-67.72,32.25,-84.95,False,134371.3,Container Ship,Marshall Islands,Autre
697499423,160.1,30.3,336.35,-90.12,23.12,-86.15,True,85389.3,General Cargo,Singapore,Autre
697745795,159.815,29.88,122.48,-51.38,30.6,-111.38,False,117554.0,General Cargo,Bahamas,Autre
698666723,158.9867,28.6,185.2,-48.97,21.87,-68.77,False,87460.6,Fishing Vessel,USA,Autre
699245737,158.8933,34.57,249.23,-73.3,28.6,-87.82,True,2807.4,Tanker,Singapore,Autre
699529355,159.396,32.44,181.06,-63.18,27.78,-77.46,False,241870.3,Bulk Carrier,Malta,Autre
699922387,159.585,30.78,274.78,-64.45,32.6,-90.3,False,199722.5,General Cargo,Singapore,Autre
701852009,159.325,28.45,159.47,-62.35,34.8,-93.0,False,235568.3,Fishing Vessel,Denmark,Autre
702708383,159.15,32.62,340.02,-68.67,24.98,-95.08,False,73722.9,Bulk Carrier,Liberia,Autre
703637316,158.6,34.88,257.1,-64.71,28.26,-100.55,True,153358.3,Bulk Carrier,Denmark,Autre
704661953,157.085,25.35,158.3,-62.25,23.4,-104.45,False,3826.8,General Cargo,Malta,Autre
704843269,159.3725,22.91,251.78,-63.74,28.04,-79.04,True,102086.1,Tanker,Bahamas,Autre
705561223,159.5367,31.23,176.52,-79.0,31.94,-90.87,True,196666.4,Fishing Vessel,France,Autre
706491378,159.0,25.89,247.65,-67.96,20.5,-93.58,False,297611.5,Fishing Vessel,Panama,Autre
707000071,158.435,18.18,194.5,-64.82,17.32,-98.52,False,185508.9,Passenger Ship,China,Autre
708338175,158.705,34.6,384.18,-69.12,28.8,-97.65,True,12825.2,General Cargo,USA,Autre
711942599,158.35,21.4,303.15,-70.7,21.3,-83.55,False,118805.3,Tanker,Marshall Islands,Autre
713738657,158.986,23.58,189.74,-73.58,29.86,-99.38,True,72725.0,Passenger Ship,China,Autre
714252611,158.9483,34.37,256.58,-99.07,26.8,-76.95,False,52226.0,Fishing Vessel,Denmark,Autre
715406233,157.8667,36.93,208.0,-83.0,15.33,-78.73,True,104574.8,Passenger Ship,Panama,Autre
716823280,159.0475,27.85,212.5,-55.05,16.35,-101.78,True,65556.2,Container Ship,China,Autre
717151265,160.46,29.14,374.68,-66.86,22.92,-83.82,False,41227.3,Bulk Carrier,Denmark,Autre
718413378,157.87,26.4,323.0,-92.3,40.4,-65.7,True,202518.0,Tanker,Singapore,Autre
719643596,159.25,24.7,391.6,-62.75,24.5,-71.85,False,109711.2,Fishing Vessel,Malta,Autre
720463075,158.5367,20.67,217.7,-58.7,17.5,-101.57,False,268506.7,Bulk Carrier,China,Autre
720519326,158.644,25.28,265.54,-65.67,28.08,-84.78,True,207260.2,Container Ship,France,Autre
721604393,160.424,28.58,221.68,-70.92,14.3,-108.14,True,143347.5,Tanker,Denmark,Autre
722197210,157.928,23.28,321.32,-86.0,23.54,-96.36,False,231531.7,Fishing Vessel,France,Autre
722440326,159.806,25.62,251.5,-63.1,23.38,-91.9,False,61023.3,General Cargo,Panama,Autre
722847112,159.265,30.75,198.7,-56.3,35.05,-83.55,True,51762.8,Tanker,USA,Autre
722908274,157.872,23.72,260.2,-42.04,15.92,-93.1,True,256124.7,Container Ship,France,Autre
723636831,158.045,34.0,238.87,-69.63,25.02,-89.82,True,200591.1,General Cargo,China,Autre
723678138,159.5333,35.18,245.03,-43.82,32.87,-95.72,False,100014.6,Container Ship,Malta,Autre
723722389,158.53,28.57,255.2,-58.53,35.37,-112.17,False,160743.0,Container Ship,Denmark,Autre
724448480,157.99,16.5,132.25,-66.25,9.95,-78.05,True,224575.6,Fishing Vessel,France,Autre
724638764,159.975,12.45,268.15,-90.45,23.4,-85.55,False,43336.5,Passenger Ship,France,Autre
725306361,158.5017,23.25,274.4,-70.35,26.22,-97.67,False,61715.8,General Cargo,Denmark,Autre
726467074,160.5925,31.45,301.82,-67.9,20.12,-102.7,True,55161.1,Bulk Carrier,Marshall Islands,Autre
727206661,159.78,32.59,247.07,-55.26,16.07,-98.81,False,250674.7,Passenger Ship,USA,Autre
727417459,160.1233,27.07,297.97,-74.93,40.57,-100.37,False,224118.5,Fishing Vessel,Liberia,Autre
728358748,157.27,33.73,298.27,-78.75,27.83,-91.32,True,205006.8,Tanker,Liberia,Autre
728594801,159.288,34.22,318.62,-70.34,19.82,-89.04,False,208858.6,Tanker,Malta,Autre
729794426,160.035,28.62,278.35,-82.58,34.32,-74.77,True,90527.6,General Cargo,Panama,Autre
729801011,158.33,30.8,454.25,-108.85,45.65,-84.3,True,191429.2,Passenger Ship,Malta,Autre
729834349,158.7975,27.32,198.68,-66.35,27.88,-81.18,True,36073.5,Bulk Carrier,Liberia,Autre
729874439,159.5525,31.26,231.2,-91.86,23.3,-90.91,True,106847.3,Passenger Ship,Singapore,Autre
730358706,158.9867,30.72,245.72,-70.18,27.05,-87.53,False,194503.6,Passenger Ship,China,Autre
731337211,158.356,33.68,344.84,-66.18,19.54,-95.34,True,33560.5,Fishing Vessel,Malta,Autre
733587569,157.2575,23.55,238.88,-55.4,30.28,-82.45,True,219039.7,General Cargo,France,Autre
733723778,159.386,30.42,237.12,-88.6,10.26,-100.86,True,231977.1,Container Ship,Denmark,Autre
735319356,159.3517,24.93,280.28,-53.98,23.98,-89.57,True,165599.0,Container Ship,USA,Autre
735932992,158.35,25.22,334.68,-87.48,23.56,-101.24,True,50017.0,Bulk Carrier,USA,Autre
737553133,158.4871,28.84,267.94,-81.46,18.51,-92.46,False,170951.9,Tanker,Singapore,Autre
738742479,159.0567,33.63,40.97,-37.17,22.63,-109.07,True,156827.6,Passenger Ship,Singapore,Autre
738790875,160.3688,30.88,303.46,-57.54,18.26,-85.22,True,128571.1,Bulk Carrier,USA,Autre
738849774,159.4,27.87,270.5,-82.02,24.88,-98.68,False,87732.9,Passenger Ship,Bahamas,Autre
739418888,158.908,25.26,304.72,-46.14,30.24,-95.98,False,82069.2,Fishing Vessel,Bahamas,Autre
742245762,158.4614,36.76,268.97,-67.89,25.79,-81.81,False,223314.6,General Cargo,Marshall Islands,Autre
742854816,158.5189,29.69,290.51,-75.31,27.48,-83.76,False,201104.8,Fishing Vessel,Denmark,Autre
743162389,159.89,28.2,109.3,-98.83,40.3,-108.63,True,284800.5,Container Ship,Liberia,Autre
744192701,158.76,29.16,274.28,-87.46,37.1,-87.98,False,141825.9,Bulk Carrier,Panama,Autre
744527202,158.1286,26.49,291.04,-75.41,31.43,-96.31,True,263257.1,General Cargo,China,Autre
744844875,157.9075,27.78,210.38,-91.68,22.28,-69.95,True,272278.3,Container Ship,Singapore,Autre
746255510,158.55,32.54,241.46,-36.98,21.92,-91.42,True,210695.2,Passenger Ship,France,Autre
747743383,159.0775,28.76,215.22,-77.24,28.56,-90.02,False,214675.0,Container Ship,Liberia,Autre
748359141,158.585,36.52,227.52,-86.6,28.0,-88.32,False,109732.2,Fishing Vessel,Bahamas,Autre
748905485,160.226,21.68,179.88,-52.72,25.04,-91.1,False,163311.0,Passenger Ship,Liberia,Autre
749313033,159.9683,23.48,359.6,-82.05,19.58,-87.12,True,56411.0,Container Ship,Malta,Autre
749434747,158.292,29.96,243.28,-51.36,33.12,-85.26,False,218415.3,Container Ship,France,Autre
749937520,159.575,28.8,325.65,-88.72,34.25,-85.92,False,153745.4,Container Ship,France,Autre
750400300,158.666,28.0,337.34,-85.56,22.18,-102.24,True,285900.5,Bulk Carrier,France,Autre
750747879,158.8125,38.72,302.64,-72.74,25.61,-93.28,True,95844.0,General Cargo,Singapore,Autre
750940589,157.565,16.6,115.65,-56.65,31.65,-75.85,False,16049.0,General Cargo,Panama,Autre
752014060,159.0156,30.54,243.46,-71.73,25.88,-86.74,True,232440.5,Bulk Carrier,Panama,Autre
752289007,159.298,30.56,219.94,-45.66,13.54,-100.3,False,257705.3,Fishing Vessel,Singapore,Autre
753345065,160.4875,30.4,323.1,-74.45,24.6,-102.3,False,69591.4,Passenger Ship,China,Autre
753582834,157.935,27.88,194.25,-50.88,20.58,-97.98,True,265352.5,Tanker,Bahamas,Autre
753673738,159.994,33.86,287.76,-102.98,30.84,-93.68,False,230591.3,Fishing Vessel,Bahamas,Autre
754313150,159.625,22.42,206.95,-52.8,22.45,-82.98,True,275223.6,Tanker,Bahamas,Autre
754816502,158.02,25.87,216.35,-33.12,25.18,-97.17,True,28026.0,Bulk Carrier,Denmark,Autre
754922447,158.2275,33.08,145.24,-73.59,24.72,-86.15,False,203020.2,Bulk Carrier,Bahamas,Autre
755635261,159.3717,28.42,320.75,-60.23,28.87,-92.48,False,25276.6,Fishing Vessel,Malta,Autre
755940023,158.37,25.6,293.45,-86.1,28.17,-91.22,True,175982.3,Tanker,China,Autre
756035927,159.45,33.34,290.36,-80.32,31.9,-86.5,True,42891.4,General Cargo,Malta,Autre
758310772,158.79,37.83,277.55,-58.08,18.47,-87.7,False,50726.8,Tanker,Panama,Autre
759217626,158.9157,24.13,231.27,-61.03,23.2,-94.57,False,185779.0,General Cargo,Liberia,Autre
760132103,157.9867,34.5,296.3,-69.0,33.97,-96.6,True,201982.2,Container Ship,USA,Autre
760384526,158.2383,30.25,257.48,-74.95,14.32,-97.15,False,133509.4,Passenger Ship,Singapore,Autre
761368866,158.8733,17.88,289.85,-56.68,27.45,-87.42,False,160690.2,Container Ship,Malta,Autre
761439274,160.1,13.8,61.3,-84.6,38.7,-111.8,False,97513.8,Tanker,Singapore,Autre
761838030,159.324,32.38,297.92,-55.46,29.36,-105.92,False,209616.8,Bulk Carrier,France,Autre
762178422,159.62,31.18,204.14,-66.24,15.84,-84.88,False,130378.9,Tanker,China,Autre
763146211,158.44,29.82,384.66,-68.98,18.62,-95.76,True,41564.0,Fishing Vessel,China,Autre
763169399,158.9178,24.66,222.72,-58.06,29.11,-97.19,True,268196.1,Passenger Ship,Liberia,Autre
763605056,158.782,35.22,351.78,-51.82,22.1,-85.66,False,129313.6,Fishing Vessel,Panama,Autre
763846551,159.7943,29.31,154.34,-60.01,24.73,-91.66,False,270876.2,Passenger Ship,Marshall Islands,Autre
763973816,159.626,34.44,282.04,-66.2,29.78,-70.44,False,29777.5,Bulk Carrier,China,Autre
764353680,158.4575,22.32,100.07,-61.62,34.95,-87.58,True,290324.7,Container Ship,USA,Autre
764633816,158.8314,37.74,244.93,-83.9,28.01,-88.84,False,209052.8,General Cargo,Singapore,Autre
764776555,161.19,31.05,155.25,-74.3,23.65,-73.0,True,104706.0,Passenger Ship,USA,Autre
765262794,158.2483,23.05,252.93,-54.25,31.53,-77.53,True,78103.4,Passenger Ship,Malta,Autre
766040528,158.7143,27.51,210.84,-75.94,32.79,-98.39,False,242975.9,Tanker,Bahamas,Autre
766133415,158.114,26.12,219.56,-76.12,20.64,-105.46,False,264873.0,Passenger Ship,France,Autre
766277551,160.126,40.46,152.6,-69.6,27.88,-102.28,True,182779.4,Fishing Vessel,Marshall Islands,Autre
767793733,158.68,35.1,286.4,-83.02,19.5,-79.88,False,25333.3,Passenger Ship,France,Autre
767801946,159.585,25.28,196.88,-86.18,20.98,-83.82,True,141541.1,Fishing Vessel,Denmark,Autre
767955728,159.4175,35.65,201.65,-66.53,24.08,-93.38,False,188419.3,General Cargo,Liberia,Autre
768075179,159.1517,34.18,225.93,-71.42,30.05,-87.98,True,84856.6,Tanker,Malta,Autre
768349235,159.86,31.33,337.17,-53.3,26.13,-78.0,True,212343.2,Bulk Carrier,Bahamas,Autre
768467727,159.274,18.22,326.34,-63.44,31.2,-95.22,False,34390.4,Passenger Ship,Marshall Islands,Autre
769565144,158.815,22.6,287.3,-68.85,15.85,-99.4,False,53448.0,General Cargo,Panama,Autre
771069098,160.202,30.98,216.5,-74.68,26.18,-96.02,True,56461.1,Container Ship,Singapore,Autre
771150112,160.1943,28.5,320.81,-67.27,14.07,-82.39,False,196548.4,Fishing Vessel,Liberia,Autre
771305759,158.3914,36.22,201.05,-74.01,24.33,-89.4,False,137819.2,Container Ship,Denmark,Autre
771937775,157.305,26.58,127.18,-74.65,20.73,-90.02,True,112542.5,Fishing Vessel,Malta,Autre
772043340,159.8871,26.17,182.74,-55.76,19.63,-92.99,False,197677.5,Tanker,Malta,Autre
772134211,158.285,32.43,411.47,-85.88,30.47,-73.43,False,151143.0,Tanker,France,Autre
772687223,158.686,26.08,250.24,-51.56,35.28,-91.72,True,212127.5,Tanker,China,Autre
773465268,158.1425,28.8,209.8,-46.12,36.78,-94.4,False,56548.3,Tanker,Marshall Islands,Autre
773610320,157.742,22.04,215.1,-52.26,25.84,-88.64,False,66141.1,Container Ship,France,Autre
774339038,158.0175,32.22,198.08,-78.55,6.48,-90.02,True,204197.7,Tanker,Bahamas,Autre
775231305,158.125,34.65,257.65,-39.85,41.2,-84.0,True,160111.8,Passenger Ship,Liberia,Autre
775404149,159.4643,35.23,251.19,-62.36,31.77,-90.1,True,263535.1,Fishing Vessel,Liberia,Autre
775416352,161.1,37.87,375.07,-100.67,20.73,-94.17,False,202143.1,General Cargo,Singapore,Autre
775929575,159.1725,32.45,277.39,-79.76,29.42,-82.75,True,4057.7,Container Ship,Panama,Autre
776350480,159.99,31.07,280.2,-74.7,32.8,-84.67,False,99573.4,General Cargo,France,Autre
777022296,158.8342,30.35,321.38,-53.97,26.08,-91.95,True,107711.1,Tanker,Liberia,Autre
777450460,160.54,35.03,187.13,-54.07,30.53,-77.67,False,162627.0,Container Ship,Panama,Autre
777666051,159.41,33.69,223.03,-59.56,18.79,-91.72,True,9984.4,Passenger Ship,China,Autre
778196639,157.075,37.15,360.1,-41.55,26.15,-103.85,False,283510.9,Passenger Ship,France,Autre
778281235,157.95,36.8,260.05,-86.05,27.0,-97.15,False,155481.7,General Cargo,Singapore,Autre
778418171,160.12,18.4,418.8,-36.7,37.4,-93.7,True,113024.3,Container Ship,Marshall Islands,Autre
778903980,158.7233,36.7,237.93,-79.6,28.07,-90.1,True,93902.8,Fishing Vessel,France,Autre
779191453,158.91,26.95,225.65,-60.95,30.52,-88.42,False,94971.5,Bulk Carrier,Bahamas,Autre
779676678,158.996,28.14,272.18,-69.88,19.36,-84.08,True,101006.7,Fishing Vessel,Singapore,Autre
779719852,161.3,29.4,364.3,-80.3,20.3,-82.6,False,270132.8,General Cargo,Denmark,Autre
780410570,158.24,32.7,208.24,-67.12,26.56,-98.9,False,116774.3,Bulk Carrier,USA,Autre
780476855,159.79,21.6,235.3,-76.88,11.56,-84.1,False,156133.5,Tanker,Panama,Autre
780543548,158.6038,29.05,196.44,-68.0,20.4,-96.68,True,126811.7,Container Ship,USA,Autre
780611688,158.1575,21.32,188.8,-70.05,22.15,-89.98,True,35816.2,Passenger Ship,Singapore,Autre
780860305,159.856,26.76,233.56,-81.72,30.82,-84.28,False,156117.9,Container Ship,Panama,Autre
780872220,158.478,29.86,314.58,-52.74,26.78,-84.96,True,247219.4,Container Ship,China,Autre
780970320,158.42,26.76,262.46,-73.1,24.35,-86.75,False,56778.1,Container Ship,Singapore,Autre
781122679,158.7225,38.58,308.12,-63.9,16.77,-93.9,False,224655.9,Passenger Ship,Marshall Islands,Autre
782140749,158.585,34.65,351.72,-57.48,28.6,-81.7,True,173797.3,Container Ship,Marshall Islands,Autre
782576379,158.54,27.71,255.0,-77.87,31.01,-96.19,True,278811.8,Container Ship,Panama,Autre
782905490,159.68,27.05,214.8,-39.42,18.42,-77.05,False,205286.4,Passenger Ship,France,Autre
782964567,159.6517,33.6,241.28,-66.73,19.17,-89.58,True,108761.9,General Cargo,China,Autre
783109193,159.89,29.63,164.63,-91.4,29.07,-107.87,False,287808.9,General Cargo,Denmark,Autre
783480433,158.7775,25.5,187.08,-53.7,29.98,-82.7,False,41818.3,Container Ship,Malta,Autre
783771062,161.37,33.8,358.2,-31.4,3.5,-65.8,True,167662.8,Container Ship,Liberia,Autre
784062106,159.2325,29.62,309.75,-77.8,33.25,-80.05,True,108370.5,Passenger Ship,Malta,Autre
784993050,158.2775,25.22,203.45,-71.2,34.78,-87.42,True,239476.6,Passenger Ship,Denmark,Autre
786527370,158.9622,36.24,276.72,-61.72,23.21,-95.59,False,189159.2,General Cargo,Singapore,Autre
786592775,157.544,27.64,373.26,-73.04,31.86,-95.82,False,252165.2,Tanker,Malta,Autre
787276961,159.01,24.48,220.75,-77.22,23.7,-92.35,True,127322.7,Passenger Ship,Panama,Autre
787632236,159.3333,24.53,259.4,-53.27,26.5,-93.3,False,214536.6,Container Ship,Panama,Autre
787790467,157.5375,25.05,245.92,-59.08,30.9,-100.6,True,230179.5,Passenger Ship,Malta,Autre
788222557,159.715,40.35,292.25,-86.1,27.2,-97.28,True,3280.4,Bulk Carrier,USA,Autre
789472539,159.5467,36.83,290.57,-82.9,11.37,-92.6,True,247980.2,Container Ship,Bahamas,Autre
789983559,159.4867,24.5,183.1,-41.1,30.13,-86.37,True,154655.5,Container Ship,Singapore,Autre
790078615,159.3075,20.23,152.85,-50.68,13.08,-94.3,True,279103.5,Container Ship,Liberia,Autre
790918169,158.1433,38.33,299.13,-47.07,12.67,-96.27,True,203053.5,Container Ship,Malta,Autre
791982495,159.0257,36.91,306.27,-83.64,29.5,-94.8,True,98138.3,General Cargo,China,Autre
792163190,158.3988,24.54,234.2,-62.52,24.38,-81.89,False,92528.4,Fishing Vessel,Bahamas,Autre
792191610,159.11,29.64,298.04,-83.52,25.0,-89.32,True,145496.6,Fishing Vessel,China,Autre
792400356,157.9583,21.93,320.53,-63.38,31.48,-91.25,False,189336.7,Container Ship,Panama,Autre
792401778,158.184,21.04,187.5,-78.24,24.52,-87.26,True,287400.8,General Cargo,Liberia,Autre
792478979,158.1433,24.8,208.58,-73.83,29.12,-87.72,False,166345.0,Container Ship,China,Autre
792597146,158.638,30.08,308.4,-42.34,10.4,-97.86,False,138401.7,Passenger Ship,Bahamas,Autre
793562464,158.366,31.28,240.32,-62.34,27.12,-91.2,True,113169.3,Passenger Ship,Malta,Autre
794030443,159.4325,27.48,182.72,-51.02,28.8,-90.9,False,239283.1,Bulk Carrier,Singapore,Autre
794556784,160.162,33.64,225.8,-68.2,24.96,-86.5,True,242345.0,Tanker,Panama,Autre
794690449,156.9967,16.0,221.73,-76.6,28.23,-102.9,True,57674.5,Fishing Vessel,Liberia,Autre
795339740,159.4462,36.78,218.06,-58.34,32.91,-92.26,True,163527.5,General Cargo,Marshall Islands,Autre
795801450,159.15,39.85,309.7,-105.5,42.2,-88.05,False,93241.3,Tanker,Panama,Autre
796002514,159.59,27.01,216.26,-71.61,23.19,-101.93,True,135880.4,General Cargo,Malta,Autre
796664560,159.354,28.3,173.76,-72.8,10.14,-92.26,False,116506.7,Container Ship,France,Autre
796671313,160.22,30.0,125.77,-107.03,25.2,-100.7,True,51186.1,Container Ship,USA,Autre
797047520,159.55,36.04,237.78,-71.56,21.59,-87.37,False,181500.2,Bulk Carrier,Marshall Islands,Autre
798437882,158.305,41.58,353.82,-80.2,28.33,-87.82,False,202366.3,Bulk Carrier,China,Autre
798578134,160.86,10.3,271.2,-57.6,40.2,-61.4,True,264529.1,Tanker,Malta,Autre
