mmsi,freq_mean_mhz,freq_min_mhz,freq_max_mhz,freq_std_mhz,bandwidth_mean_khz,power_mean_watts,signal_strength_mean_dbm,snr_mean_db,noise_level_mean_dbm,num_signatures,cluster
200698187,158.9,157.06,161.56,1.6084,26.45,290.67,-74.37,35.67,-80.88,6,3
201837657,159.265,156.71,161.61,1.7578,22.07,164.72,-85.82,34.73,-99.95,6,1
202156040,156.78,156.39,157.17,0.39,31.73,186.73,-74.03,17.4,-84.73,3,4
203295373,158.5225,156.77,160.41,1.6334,37.95,80.12,-85.08,25.95,-92.15,4,2
204111655,158.542,156.28,160.71,1.896,39.84,271.7,-59.24,22.52,-93.98,5,0
205804175,159.6467,157.82,161.05,1.2232,27.27,181.88,-62.88,11.0,-78.75,6,1
205927097,161.74,161.74,161.74,,35.8,225.4,-23.9,15.3,-70.3,1,2
206220320,157.28,157.28,157.28,,47.3,263.2,-48.6,15.8,-88.7,1,0
206352442,161.6967,161.58,161.93,0.2021,23.8,323.77,-86.97,37.5,-95.1,3,3
207068046,159.0212,156.17,161.6,1.9041,28.81,203.95,-80.64,17.64,-93.71,8,1
207618219,158.31,157.45,159.66,0.9502,29.98,334.5,-56.8,17.32,-86.3,4,0
208204205,159.456,157.89,161.12,1.2221,32.08,168.98,-67.36,22.84,-80.3,5,1
208289492,158.141,156.11,160.55,1.5945,34.08,274.15,-67.56,21.3,-85.82,10,0
208492908,159.3325,157.11,160.45,1.5486,27.15,257.98,-60.1,36.4,-100.35,4,3
208551916,157.3571,156.06,159.7,1.2333,34.09,248.84,-87.61,24.13,-92.26,7,0
209428274,160.1178,157.79,161.95,1.3851,31.5,296.57,-85.29,17.84,-90.22,9,3
209766902,157.5375,156.07,159.67,1.3607,37.48,325.02,-81.6,27.88,-89.7,8,0
210027019,157.7967,156.42,160.26,2.1382,29.9,293.63,-35.27,8.27,-112.27,3,0
210044819,159.5733,158.56,161.59,1.7465,28.17,330.13,-69.93,33.67,-81.93,3,3
211239944,161.94,161.94,161.94,,14.5,114.1,-109.0,38.5,-98.1,1,1
211394760,159.1425,157.67,161.35,1.5663,25.55,190.92,-60.28,24.35,-102.88,4,1
211548097,158.86,156.9,161.35,1.7136,28.66,287.64,-65.08,26.56,-101.22,5,3
211617904,159.5912,156.08,161.79,1.91,26.2,251.26,-67.12,32.48,-77.34,8,3
212186950,158.035,156.23,159.83,1.4199,39.3,294.25,-67.13,35.28,-88.92,6,0
213287515,160.19,159.71,160.85,0.5909,17.67,242.63,-86.57,28.53,-91.67,3,3
213704539,158.9675,157.58,161.95,2.0198,41.62,244.48,-65.4,20.62,-71.62,4,2
213740252,158.425,157.54,160.51,1.4008,31.65,338.58,-38.12,27.12,-92.05,4,0
214748253,159.3829,156.12,161.85,1.9762,28.64,195.69,-64.8,30.56,-91.63,7,1
216417532,159.9767,159.25,161.05,0.9488,28.43,361.43,-96.03,32.37,-77.03,3,3
218251125,158.2625,156.82,161.79,2.3673,31.95,362.42,-46.55,33.1,-109.38,4,0
220627024,159.1275,157.81,161.81,1.8156,35.5,401.92,-96.02,32.17,-84.45,4,0
221046878,157.74,156.13,160.76,1.9812,23.42,320.12,-66.83,31.57,-100.72,6,4
221716335,161.2933,160.05,161.99,1.0794,30.57,266.4,-70.47,30.43,-82.17,3,3
222054856,157.3567,156.25,160.27,1.4945,38.1,232.27,-62.32,39.1,-97.67,6,0
222807422,159.565,159.14,159.99,0.601,30.15,277.1,-73.8,22.55,-78.0,2,3
224255892,158.9625,156.13,161.38,2.2098,33.78,339.95,-71.62,13.88,-109.25,4,0
224383026,159.1871,158.39,160.77,0.9264,30.06,229.6,-61.87,20.0,-88.57,7,2
224472298,159.4543,156.5,161.61,2.0592,31.76,331.8,-61.41,21.81,-102.39,7,3
224497350,158.438,157.02,160.89,1.5856,25.64,210.48,-72.68,23.74,-88.82,5,4
224756004,160.464,158.81,161.97,1.4036,32.22,138.92,-67.58,13.9,-86.46,5,1
225377906,160.05,160.05,160.05,,15.8,487.1,-111.2,1.8,-115.2,1,3
225857489,160.58,159.23,161.93,1.9092,19.15,351.65,-35.3,33.25,-84.35,2,3
226103089,159.525,156.73,161.38,2.0455,27.95,158.37,-71.22,18.27,-85.05,6,1
226542358,158.262,156.12,160.51,1.7608,20.1,378.1,-105.18,25.66,-94.16,5,3
226809877,159.4975,157.97,160.72,1.1969,28.3,178.05,-47.68,15.28,-83.52,4,1
227501683,157.864,156.58,160.28,1.7153,28.46,328.92,-80.86,32.14,-89.78,5,0
229631895,160.9325,159.45,161.91,1.0566,26.48,166.6,-50.78,28.72,-107.42,4,1
229818721,158.3,156.53,161.94,2.1801,33.98,285.42,-63.26,25.1,-96.02,5,0
230810621,157.8162,156.21,159.6,1.3176,27.59,261.5,-67.7,29.48,-86.39,8,4
231663168,156.38,156.38,156.38,,44.4,114.1,-117.8,10.3,-108.2,1,0
231960753,160.15,157.28,161.92,2.508,32.73,217.63,-53.9,31.97,-98.5,3,2
232381331,159.955,158.68,161.23,1.8031,27.05,359.1,-78.7,25.1,-79.65,2,3
232898606,159.6191,156.67,161.73,1.6317,29.45,216.72,-60.14,31.38,-97.95,11,1
232986245,158.3933,157.36,159.45,1.0452,28.8,175.77,-78.73,20.47,-87.5,3,4
233953583,159.2725,158.42,160.29,0.9034,28.5,168.2,-66.92,24.98,-100.85,4,1
234821769,157.9133,156.71,159.93,1.1227,28.07,204.58,-58.57,25.53,-93.27,6,4
236109802,159.5562,156.35,161.98,2.3985,26.32,260.34,-66.88,15.0,-97.04,8,3
236409764,159.69,157.97,161.8,1.9446,23.97,326.83,-34.93,42.63,-87.37,3,3
236576735,159.3238,156.68,161.62,1.812,32.5,274.52,-88.6,18.61,-86.95,8,2
236700807,160.1925,156.61,161.87,2.4145,23.75,96.52,-60.48,23.55,-102.35,4,1
236799075,159.3114,156.5,161.3,1.6446,30.07,266.7,-73.07,28.84,-88.54,7,3
237361564,159.6488,156.41,161.72,1.6247,35.11,327.86,-64.66,25.69,-82.46,8,2
238178908,158.4067,157.02,159.96,1.4771,32.37,137.9,-65.43,8.53,-88.0,3,4
239547546,158.7817,156.56,161.15,1.7722,23.88,136.97,-67.18,16.48,-93.65,6,1
239574544,158.29,157.03,159.99,1.2156,26.44,224.98,-68.7,17.5,-94.34,5,4
240011469,159.0367,156.17,161.5,2.5107,38.73,236.07,-71.72,29.05,-87.55,6,2
242221601,159.29,158.82,159.76,0.6647,33.7,179.9,-65.05,22.65,-92.65,2,2
242442486,157.2425,156.09,160.04,1.8826,23.08,294.75,-55.45,29.5,-89.72,4,4
242569188,158.6653,156.09,161.75,1.8733,29.06,237.91,-59.08,27.81,-90.61,15,4
243740029,158.542,157.78,160.21,1.0558,31.6,243.94,-60.56,26.28,-95.24,5,4
244246514,159.4,157.27,161.53,3.0123,29.7,366.6,-57.55,40.5,-93.0,2,3
245445168,158.41,157.76,158.9,0.4288,37.74,295.76,-98.4,29.5,-90.94,5,0
245472810,159.356,157.61,161.97,1.9806,27.78,319.92,-70.42,18.7,-92.84,5,3
245760948,159.225,157.93,160.52,1.8314,28.3,191.1,-100.25,29.35,-98.5,2,1
245808653,161.05,161.05,161.05,,30.0,221.7,-86.1,16.6,-114.8,1,1
246056778,158.2475,156.44,161.56,1.6099,33.45,225.27,-59.13,30.5,-85.62,12,4
247443252,159.555,156.42,161.78,1.68,35.09,246.94,-69.61,28.36,-83.11,10,2
247512338,159.054,156.53,160.69,1.5923,29.84,218.4,-66.8,21.14,-83.34,5,1
248068308,157.79,157.54,158.04,0.3536,24.65,104.15,-68.05,21.7,-78.5,2,4
248607497,159.152,156.81,161.35,1.9223,38.7,236.06,-57.96,22.62,-94.82,5,2
249217423,159.6133,157.98,160.71,1.442,25.73,434.2,-80.47,18.87,-104.07,3,3
249354554,158.298,156.64,161.31,1.8503,30.76,412.84,-79.84,19.12,-84.46,5,0
249938716,159.25,157.21,160.85,1.703,25.2,305.0,-59.18,15.65,-99.35,4,3
249974230,158.5433,157.51,160.18,1.4336,17.47,191.8,-46.63,34.73,-94.27,3,4
250320883,159.25,157.63,161.84,1.5505,27.65,252.28,-64.62,17.52,-77.68,6,3
251261537,160.21,160.03,160.39,0.2546,13.0,349.4,-79.4,24.85,-87.35,2,3
251603728,157.8075,156.42,160.25,1.6876,39.1,208.68,-71.03,4.97,-98.38,4,0
252620067,159.7922,157.59,161.97,1.4427,21.87,375.02,-63.87,27.17,-98.86,9,3
252789184,158.555,157.33,159.78,1.7324,26.05,375.2,-87.4,32.55,-77.35,2,3
253462026,159.165,156.25,160.67,2.065,24.48,248.18,-95.6,27.0,-93.35,4,3
254059131,158.5175,157.34,160.18,1.2238,37.05,144.12,-83.49,31.41,-95.19,8,2
254445689,159.064,157.51,161.11,1.4008,30.0,323.98,-45.8,21.88,-95.2,5,3
254528621,157.98,157.17,158.95,0.7031,28.68,237.37,-60.77,33.55,-89.03,6,4
255660986,158.94,158.94,158.94,,35.3,138.2,-77.8,20.5,-79.3,1,2
256138286,158.7533,156.99,160.07,1.5878,38.77,245.43,-46.77,28.2,-106.57,3,2
256362827,159.035,158.67,159.4,0.5162,40.4,403.3,-67.0,23.8,-85.95,2,0
258157843,159.235,159.1,159.37,0.1909,17.6,253.05,-63.9,36.25,-96.15,2,3
258846593,158.5338,156.08,161.64,2.0682,26.29,240.88,-54.58,26.46,-93.55,8,4
258954341,160.02,158.66,161.77,1.5913,26.9,257.73,-90.77,12.1,-76.2,3,3
259203883,158.659,156.98,161.22,1.4784,31.02,292.11,-66.11,26.11,-96.1,10,0
260273820,159.8717,157.07,161.97,2.0249,31.37,260.72,-73.72,34.82,-86.63,6,2
260362728,159.3533,156.92,162.0,2.5467,34.67,233.33,-67.0,13.73,-74.17,3,2
260490181,158.7467,156.27,160.28,1.4756,35.52,152.23,-72.83,25.17,-96.98,6,2
260690058,158.8567,156.42,161.18,2.1548,25.47,150.9,-69.7,20.98,-89.52,6,1
260756426,158.85,158.11,159.69,0.5534,29.35,166.5,-59.08,30.77,-86.52,6,1
260984664,159.0733,158.14,159.63,0.8133,18.53,230.63,-32.67,28.77,-89.93,3,4
263371036,158.7625,156.89,160.2,1.3841,27.58,63.45,-64.32,24.52,-96.58,4,1
264651594,158.8157,156.18,161.3,1.7394,28.96,149.19,-57.26,18.76,-86.34,7,1
266304575,158.898,156.03,161.54,2.3982,21.9,227.98,-81.66,15.64,-89.06,5,4
266578761,160.2125,157.51,161.89,1.9844,31.22,333.3,-49.28,21.42,-86.65,4,3
267514528,158.44,156.74,159.57,1.4986,22.43,333.7,-89.9,16.23,-77.4,3,3
269833961,158.5,157.48,159.89,1.0597,37.33,293.8,-37.1,38.8,-81.42,4,0
270127453,159.0378,156.07,161.78,2.2428,25.2,211.28,-71.26,27.81,-93.1,9,4
270308779,158.3129,156.09,161.19,1.9009,28.9,312.51,-88.94,20.21,-90.97,7,0
270851441,157.54,156.16,159.44,1.7007,33.8,290.07,-58.43,17.4,-80.73,3,0
271063396,158.4167,156.27,161.97,1.9462,36.6,360.78,-57.03,22.37,-77.98,6,0
272130864,161.1433,160.53,161.46,0.5313,38.93,320.97,-57.3,31.5,-82.6,3,2
272132718,160.0729,157.07,161.71,1.6321,27.16,152.04,-57.21,19.73,-76.64,7,1
272481430,159.13,156.36,160.93,1.9662,31.76,99.36,-71.06,24.64,-77.56,5,1
272653360,158.556,156.63,161.94,2.1615,25.0,187.28,-70.22,23.6,-83.18,5,4
272658165,159.9267,157.8,161.77,1.7412,28.92,307.67,-88.33,25.87,-86.08,6,3
272713588,158.718,156.66,160.82,1.4788,25.72,301.4,-87.56,27.3,-86.48,5,3
273148379,159.445,157.99,161.1,1.5478,34.45,227.15,-42.0,30.45,-87.1,4,2
273564660,157.5733,157.06,157.96,0.4632,32.9,124.9,-64.87,34.87,-94.4,3,4
273664882,158.645,156.23,161.06,1.9631,32.0,222.72,-52.35,22.97,-93.62,6,2
274434905,158.428,156.77,160.0,1.4305,25.98,246.26,-92.28,23.82,-76.62,5,4
274778707,159.2525,156.95,160.75,1.6482,29.65,182.15,-66.78,22.0,-82.05,4,1
274897537,159.5733,156.75,161.95,2.5568,27.5,217.58,-82.4,18.98,-86.85,6,1
275200104,159.225,158.37,160.08,1.2092,25.95,216.1,-64.8,12.05,-62.85,2,1
275369472,159.2314,156.4,161.05,1.8746,36.01,220.77,-72.27,24.81,-91.04,7,2
275509216,158.5725,156.86,160.43,1.7357,38.7,299.42,-88.75,24.3,-91.9,4,0
275630215,158.269,156.23,160.6,1.7527,28.1,262.39,-75.75,27.48,-90.45,10,4
277439544,159.6386,157.06,161.87,1.7325,30.96,352.6,-89.94,28.14,-85.83,7,3
278144112,159.614,156.17,161.53,2.3464,32.4,220.8,-76.4,32.98,-87.36,5,2
279762531,159.7475,158.64,160.89,0.943,28.4,117.02,-75.75,23.28,-102.28,4,1
279944509,158.493,156.05,161.14,1.9534,27.38,241.48,-72.61,32.05,-86.55,10,4
280901691,157.315,156.9,157.73,0.5869,18.7,210.55,-49.65,34.5,-91.25,2,4
281753993,158.975,156.68,161.88,2.3329,27.1,276.0,-90.28,24.33,-84.3,6,3
282716427,160.1125,158.38,160.93,1.188,37.38,285.12,-58.05,16.85,-93.95,4,2
283205861,159.2433,157.36,160.48,1.6575,40.9,197.43,-54.73,32.1,-71.6,3,2
283486500,158.1917,156.55,161.77,2.0043,28.32,167.05,-58.15,24.17,-100.9,6,4
284896056,158.1425,157.79,158.45,0.2988,30.32,320.77,-69.85,31.15,-92.72,4,0
285312502,159.0189,157.02,161.66,1.498,34.66,291.18,-82.58,19.21,-78.82,9,2
285869970,159.3017,156.93,161.94,2.1221,31.12,215.23,-43.52,40.1,-94.7,6,2
286026287,159.0971,156.46,161.64,1.8207,25.43,257.67,-76.6,20.13,-97.13,7,3
286089776,157.9317,156.56,159.73,1.4231,28.88,224.85,-74.85,22.97,-93.0,6,4
286169281,160.1178,156.09,161.9,2.1288,27.02,153.7,-70.66,35.26,-91.71,9,1
287106487,159.4267,156.06,161.52,2.3116,30.72,192.75,-61.02,14.6,-101.12,6,1
287767589,159.1483,156.16,161.68,2.2537,28.85,225.98,-81.12,21.23,-91.97,6,1
287792665,159.5571,158.25,161.08,1.2232,40.37,238.74,-70.57,24.29,-91.29,7,2
288065994,159.275,157.8,160.65,1.4835,27.52,289.88,-67.92,25.58,-78.8,4,3
288338344,159.47,157.6,160.8,1.4325,24.78,229.72,-37.7,26.45,-91.75,4,1
288344510,158.495,156.58,161.7,1.8075,26.17,234.14,-77.14,30.47,-88.14,10,4
288730213,158.2243,157.1,160.81,1.3228,35.76,218.19,-82.09,24.37,-87.03,7,2
288924361,159.086,157.39,161.62,1.9088,36.62,262.78,-75.66,22.7,-96.82,5,2
289401636,159.744,156.87,161.93,1.5956,36.57,266.68,-76.98,25.58,-91.79,10,2
289775372,160.3486,158.71,161.84,1.0526,31.97,230.36,-78.31,21.5,-84.39,7,2
289890030,158.85,156.82,161.72,1.6753,27.77,261.22,-76.68,22.22,-89.65,6,4
290000334,158.87,157.35,160.96,1.6738,28.58,312.98,-72.53,33.22,-88.3,6,3
290782162,159.68,156.64,161.52,2.0286,32.68,288.38,-58.88,27.48,-91.42,6,2
291644254,160.0033,157.95,161.73,1.9111,20.7,297.23,-87.87,32.53,-88.53,3,3
292189198,159.745,157.51,160.98,1.1537,30.24,217.71,-80.8,24.11,-86.64,8,1
293447967,159.51,158.04,161.09,1.528,34.87,282.83,-84.03,14.33,-102.03,3,2
294304036,159.8,157.82,161.14,1.4089,32.6,112.0,-65.8,16.68,-85.2,4,1
295701710,158.6567,156.66,160.73,2.0361,22.93,330.23,-65.1,37.8,-76.3,3,3
295965871,159.37,156.83,161.95,2.0904,32.48,142.2,-65.92,19.2,-98.93,4,1
296114362,159.8267,158.59,161.89,1.7986,24.63,291.0,-86.27,27.0,-100.37,3,3
297489083,159.142,157.06,161.11,1.9295,22.6,326.3,-70.76,38.0,-92.88,5,3
298360481,158.7686,156.01,160.73,2.1128,32.9,140.4,-72.31,26.29,-99.23,7,1
299479186,159.456,158.33,161.27,1.3821,26.72,246.58,-83.06,30.74,-92.26,5,3
299685327,157.305,156.23,158.68,1.1184,26.15,261.82,-60.65,28.42,-99.5,4,4
300905246,159.44,158.45,160.45,1.0001,30.03,274.77,-92.3,32.07,-111.47,3,3
301027718,158.2425,157.19,159.49,1.035,26.88,250.4,-56.0,28.4,-96.65,4,4
302489810,159.382,156.34,161.59,2.257,27.84,282.52,-70.82,26.34,-97.34,5,3
303568824,159.5533,157.27,161.57,2.1624,28.07,289.27,-54.23,34.73,-107.7,3,3
303641269,157.37,157.37,157.37,,44.6,396.5,-74.9,45.2,-77.3,1,0
303830441,159.77,156.84,161.99,2.6474,33.07,256.5,-76.0,26.53,-100.8,3,2
305441760,157.748,156.86,159.45,1.0635,29.24,139.2,-95.56,25.86,-92.7,5,4
305790946,158.51,156.36,159.99,1.345,27.2,223.46,-60.68,18.72,-99.82,5,4
305792048,158.6367,156.29,161.36,2.5559,32.07,70.33,-68.0,20.83,-75.2,3,1
306585349,159.285,156.79,161.72,2.7335,27.72,237.5,-65.82,18.38,-97.18,4,1
306994240,159.8214,157.55,161.58,1.5876,28.17,328.33,-82.77,30.1,-101.2,7,3
307516995,160.82,159.66,161.98,1.6405,32.8,343.7,-66.1,28.65,-94.4,2,3
307986418,158.185,156.02,161.85,2.1209,24.12,269.6,-76.23,20.85,-91.33,6,4
308695892,159.01,156.54,160.82,1.8448,36.46,217.14,-78.28,22.42,-90.98,5,2
309163379,158.7843,156.98,160.81,1.6802,27.76,215.9,-78.13,28.03,-97.06,7,4
310055463,159.2375,156.65,161.71,2.4299,31.6,300.85,-83.0,9.88,-79.8,4,3
310273206,158.15,156.06,160.17,1.5994,29.48,237.96,-77.1,22.44,-97.66,5,4
311470002,157.43,156.02,158.2,1.2228,35.23,306.5,-62.23,44.17,-88.57,3,0
312462705,158.9,156.3,161.63,1.928,34.67,297.01,-89.94,33.26,-97.71,8,0
312878650,159.3887,156.1,161.69,2.1463,33.19,274.23,-60.12,28.31,-89.21,8,2
313328800,159.8189,157.01,161.97,1.81,33.38,282.87,-68.53,24.88,-89.28,9,2
313389958,157.846,156.02,160.27,1.809,31.8,192.78,-90.2,14.96,-73.0,5,4
314355800,160.66,160.66,160.66,,34.8,232.4,-58.1,4.1,-82.4,1,2
314390060,158.694,156.51,160.5,1.6766,28.58,228.42,-64.22,17.26,-82.02,5,4
315074468,157.96,157.55,158.75,0.6843,27.83,447.63,-66.27,35.07,-82.03,3,0
315113308,157.305,156.38,158.77,1.0421,21.18,161.2,-70.85,22.82,-86.48,4,4
315605444,159.5667,157.72,160.43,1.0062,27.53,168.55,-51.87,24.93,-81.33,6,1
315782943,160.0425,158.91,161.61,1.2273,21.18,189.48,-64.38,22.8,-108.22,4,1
316234277,158.1467,156.23,160.6,1.6663,27.93,282.48,-68.95,17.18,-96.65,6,4
316474826,158.3467,157.32,160.25,1.65,21.57,240.9,-60.13,28.83,-98.43,3,4
318125935,159.066,157.24,160.99,1.2626,34.59,276.41,-66.89,28.55,-100.98,10,2
318975900,158.992,156.19,160.5,1.7033,27.2,264.54,-52.1,16.96,-93.54,5,3
319469731,159.8478,156.56,161.25,1.7151,33.03,257.9,-65.12,23.82,-91.03,9,2
320624243,159.99,157.03,161.07,1.9745,36.28,313.65,-39.38,36.75,-89.92,4,2
320892082,158.5757,156.09,161.26,2.2011,28.7,265.17,-50.97,30.69,-88.74,7,4
321571144,158.675,156.84,161.71,2.1486,35.67,241.58,-72.28,28.15,-91.95,4,2
321784058,159.9775,157.65,161.73,1.8555,33.55,310.4,-51.4,29.98,-96.42,4,2
324742591,159.515,157.96,161.23,1.3449,26.72,232.4,-58.45,27.33,-86.08,4,1
324958822,159.9,157.28,161.67,1.6028,38.62,322.14,-57.88,26.64,-89.58,8,2
327690307,159.3157,156.1,161.88,2.5101,25.83,209.57,-98.53,22.41,-92.86,7,1
328293597,159.1586,156.23,161.22,1.6572,34.21,296.31,-67.89,26.06,-88.64,7,2
329004558,158.98,156.09,161.87,4.0871,25.4,174.0,-80.1,8.5,-105.65,2,1
330948908,159.62,156.98,161.13,1.2236,30.79,245.71,-64.54,23.94,-97.38,8,2
332649240,157.2125,156.27,158.52,0.9594,32.48,100.6,-74.85,27.35,-89.45,4,4
332786654,158.5083,156.75,161.02,1.5645,30.85,254.17,-86.78,19.5,-74.98,6,4
333279592,158.8842,156.02,161.56,1.8913,25.41,194.7,-55.71,26.08,-97.08,12,4
333886054,159.6029,157.35,161.87,2.1847,34.39,268.54,-90.33,27.27,-81.47,7,2
334709857,160.2867,159.03,161.49,1.2309,30.17,195.63,-64.2,26.0,-93.1,3,1
335267736,159.6233,158.36,161.49,1.6499,27.63,143.1,-82.6,33.57,-87.07,3,1
335821955,159.3543,156.08,161.27,1.8092,26.6,271.44,-66.73,24.07,-104.16,7,3
336052886,158.2638,156.15,160.94,1.5218,28.38,241.82,-72.21,26.03,-93.4,16,4
336627928,158.3333,156.78,161.36,2.6215,25.93,339.63,-102.07,28.53,-72.03,3,3
337866372,159.54,157.44,160.54,1.3414,24.24,226.46,-56.08,20.94,-79.1,5,1
338445994,157.39,156.24,158.54,1.6263,31.35,389.95,-56.6,24.5,-96.5,2,0
339096327,159.4067,158.01,161.97,2.2229,34.2,187.43,-57.5,27.2,-88.17,3,2
339126012,157.876,156.44,160.63,1.6167,25.0,168.58,-65.8,25.3,-83.72,5,4
339171260,158.9867,156.72,161.24,1.665,35.25,203.83,-56.42,24.27,-101.42,6,2
340668048,159.6133,158.88,160.54,0.8467,26.6,290.6,-64.33,30.4,-78.6,3,3
340714037,158.124,156.11,161.93,2.2577,28.14,339.26,-73.86,35.8,-102.4,5,0
341249881,159.72,156.19,161.72,2.1892,38.46,213.84,-83.68,30.24,-84.1,5,2
342385591,158.492,156.76,161.14,2.108,28.44,327.22,-75.58,25.02,-83.24,5,0
342429088,159.086,156.16,160.31,1.7426,40.34,213.32,-75.32,20.04,-95.5,5,2
342815822,159.07,157.27,161.33,1.5682,16.66,220.62,-72.14,23.58,-95.54,5,4
343126146,161.34,160.78,161.9,0.792,38.65,218.15,-91.5,13.95,-80.1,2,2
344513763,159.1925,156.13,161.53,2.1659,28.31,290.99,-86.44,23.86,-93.42,8,3
345832541,159.308,156.19,160.43,1.756,24.28,324.46,-76.66,25.76,-89.5,5,3
345917757,159.1057,157.35,160.62,1.3466,32.17,291.41,-61.41,30.97,-81.91,7,2
346077672,158.6067,156.1,160.36,1.9274,27.13,182.08,-68.43,16.37,-86.18,6,4
347221944,161.44,161.44,161.44,,44.3,317.7,-108.4,19.9,-103.3,1,2
347759038,157.92,156.46,160.21,1.2589,34.31,323.66,-65.81,31.99,-90.33,7,0
348500992,159.532,157.15,161.8,1.8664,32.6,248.14,-86.2,21.86,-88.0,5,2
350038017,158.392,156.06,161.63,2.4846,27.16,239.52,-86.96,33.04,-105.32,5,4
350251451,159.3643,157.22,161.92,1.9064,31.77,271.36,-68.64,18.17,-96.2,7,2
350521742,159.06,156.84,161.23,1.757,24.83,285.97,-73.48,32.43,-89.42,6,3
350657692,158.9256,156.3,161.08,1.8444,23.83,275.01,-69.17,29.44,-97.89,9,3
352571434,160.2433,158.29,161.72,1.764,29.13,204.9,-76.13,12.63,-82.93,3,1
352963430,158.674,156.44,161.22,1.9599,30.12,233.56,-84.4,35.52,-96.08,5,4
353691130,157.76,156.39,160.12,2.0526,33.27,140.23,-85.93,20.13,-71.57,3,4
353821583,158.3925,156.13,161.67,2.1542,17.41,211.69,-67.61,24.36,-88.41,8,4
354615733,159.08,157.8,160.72,1.2118,29.75,153.38,-50.08,27.5,-89.92,4,1
354873118,160.85,159.89,161.81,1.3576,29.1,341.15,-84.55,17.3,-82.5,2,3
355835421,158.862,156.03,161.75,2.0865,28.65,229.72,-61.46,23.44,-86.57,10,4
355968100,160.3567,158.65,161.61,1.5312,25.27,283.93,-59.5,29.77,-91.67,3,3
356152670,158.875,156.52,161.94,2.1563,23.86,255.61,-75.5,28.98,-91.75,8,4
356273956,158.9625,157.79,161.36,1.6464,37.05,237.25,-86.78,20.0,-94.25,4,2
357067982,159.65,158.05,161.25,2.2627,34.6,155.9,-102.3,15.25,-109.35,2,2
358348599,158.93,156.71,161.15,3.1396,21.65,237.75,-88.0,34.65,-109.65,2,4
359390541,158.6,156.26,161.28,2.5272,24.97,168.77,-93.0,20.37,-75.1,3,4
359830573,158.279,156.45,161.4,1.5054,25.58,259.5,-70.03,29.75,-93.56,10,4
360247230,157.3883,156.03,159.3,1.3161,26.25,268.15,-71.35,18.43,-107.37,6,4
360342720,158.1167,156.33,160.53,1.8776,23.86,207.21,-85.83,18.94,-94.49,9,4
360555312,158.42,156.93,160.91,1.6353,35.8,186.72,-78.42,23.62,-105.56,5,2
360833773,160.24,156.23,161.84,2.0422,31.78,201.42,-76.57,24.59,-96.01,9,1
361510820,159.2457,156.68,161.19,1.9035,35.63,274.19,-70.56,9.53,-87.81,7,2
361903938,159.92,158.96,161.64,1.1816,20.62,169.52,-90.6,22.2,-98.12,4,1
362601507,158.0933,156.08,161.2,2.0125,24.92,188.63,-51.4,32.1,-103.05,6,4
364856950,156.14,156.14,156.14,,27.7,481.6,-81.9,18.2,-64.3,1,0
367500008,159.535,158.6,160.65,0.8771,27.18,268.42,-69.58,21.72,-85.7,4,3
368365433,159.33,157.99,160.2,1.1776,18.07,132.93,-75.5,31.27,-86.47,3,1
369075346,158.4375,156.8,161.25,2.0516,23.7,279.05,-80.08,17.6,-77.12,4,4
369325711,158.565,156.09,161.28,1.9448,29.36,301.49,-68.9,16.45,-83.11,8,0
370219145,160.7586,159.04,161.95,0.9889,28.41,278.0,-66.87,24.81,-99.96,7,3
371121059,156.07,156.07,156.07,,43.4,491.8,-27.5,19.8,-67.1,1,0
372051562,158.5175,156.84,160.5,1.8627,28.42,138.93,-76.92,33.8,-88.9,4,4
372177283,158.5675,157.59,159.45,0.7851,23.82,331.25,-56.95,20.95,-86.2,4,3
372271550,156.43,156.43,156.43,,42.5,311.6,-65.0,35.3,-78.1,1,0
372353705,158.965,158.16,160.37,0.9671,23.62,309.12,-104.98,27.3,-76.12,4,3
372700428,159.1114,156.37,161.65,2.0007,31.9,161.19,-77.59,19.77,-81.63,7,1
373306649,159.0114,156.29,161.17,1.9858,32.86,269.93,-62.49,31.67,-92.46,7,2
374237721,160.19,157.32,161.86,1.7666,25.58,156.88,-74.24,18.58,-99.46,5,1
374389765,157.7483,156.54,159.25,1.149,31.7,204.58,-75.1,26.63,-87.07,6,4
375047621,158.385,156.61,161.4,1.5338,21.8,316.92,-76.15,27.5,-91.19,8,4
375096037,158.7,156.48,161.33,1.9362,39.32,207.63,-62.27,27.48,-84.25,6,2
375252389,158.065,156.11,161.23,2.4119,35.3,253.35,-79.65,23.2,-95.3,4,0
375856282,161.2,161.2,161.2,,27.6,111.4,-89.7,4.5,-119.1,1,1
377068202,159.1943,157.1,161.36,1.5937,28.57,291.61,-64.73,32.24,-93.97,7,3
377712245,159.0029,156.39,161.3,1.7694,32.04,199.86,-76.89,23.19,-88.37,7,2
377899981,159.2425,156.3,161.12,2.0665,34.85,280.9,-62.2,31.58,-87.48,4,2
377992909,159.155,157.75,160.56,1.987,30.55,190.25,-34.95,32.7,-72.25,2,1
378249098,161.32,161.32,161.32,,34.8,320.6,-30.5,47.9,-108.1,1,2
378367378,159.3,156.02,161.43,2.2892,24.78,176.38,-63.08,30.84,-85.06,5,1
378984233,159.775,158.62,161.48,1.0598,28.18,239.65,-81.33,35.03,-94.05,6,1
379393743,157.8433,156.12,160.56,2.3808,27.0,286.0,-72.57,32.77,-83.1,3,4
379597254,160.3767,157.98,161.9,2.1009,26.67,231.17,-72.9,28.63,-67.6,3,1
380494325,158.82,156.86,160.63,1.8895,24.73,212.8,-45.77,31.97,-111.07,3,4
381712071,158.6675,156.85,160.58,1.619,25.55,228.55,-75.65,17.9,-89.25,4,4
381954352,159.204,158.09,161.04,1.211,37.06,245.9,-51.92,24.72,-113.7,5,2
382322288,159.088,156.32,161.75,2.5852,36.18,321.2,-85.94,34.78,-102.3,5,0
382714823,159.255,156.35,161.54,2.311,31.73,323.0,-70.55,19.9,-72.62,6,3
382967807,157.4,156.01,159.26,1.5456,34.52,327.36,-76.62,26.4,-105.32,5,0
383307372,156.23,156.23,156.23,,26.2,401.3,-119.1,39.9,-92.1,1,0
383308981,159.6914,157.76,161.98,1.7877,41.39,218.37,-61.24,25.9,-87.63,7,2
384450029,160.018,156.06,161.38,2.2249,31.74,235.08,-80.1,13.14,-98.68,5,2
384550733,158.1457,156.06,161.39,2.0343,31.0,130.23,-60.96,16.63,-86.67,7,4
385217219,158.496,156.47,160.12,1.7873,38.12,220.92,-68.64,25.12,-93.6,5,2
386428572,159.23,157.06,160.47,1.8857,35.77,167.23,-73.53,9.33,-92.03,3,2
388953506,159.3383,156.31,161.76,2.1208,29.88,294.37,-54.63,27.13,-100.22,6,3
389614255,159.412,156.04,161.97,2.5568,29.02,277.94,-73.54,27.06,-83.38,5,3
389921162,159.0733,157.04,161.0,1.9766,22.75,316.25,-66.78,31.08,-101.37,6,3
390169657,160.05,158.38,161.75,1.6852,29.17,202.37,-75.73,16.57,-112.5,3,1
390182507,160.0575,158.71,161.21,1.3043,32.5,122.6,-91.22,21.7,-85.3,4,1
391151453,158.2283,156.25,161.7,2.356,31.48,198.2,-68.2,18.73,-88.43,6,4
391158344,159.0617,156.45,160.78,2.0628,27.18,269.1,-49.18,28.3,-85.82,6,3
391430690,159.976,156.95,161.88,2.0714,23.84,262.26,-93.56,21.36,-91.68,5,3
391786359,159.4238,157.06,161.68,1.6969,32.5,321.05,-69.91,30.21,-80.04,8,3
392617917,158.2838,156.05,160.56,1.8609,20.95,210.48,-85.76,21.24,-93.04,8,4
393509366,158.4017,156.51,160.65,1.779,25.22,241.37,-67.58,26.97,-85.32,6,4
393784956,159.2875,156.82,160.28,1.6596,28.85,161.75,-89.78,18.73,-92.9,4,1
394645869,158.2033,156.1,159.81,1.3791,35.8,172.07,-84.87,23.97,-88.15,6,2
394819025,158.6489,157.1,161.98,1.7845,27.29,173.56,-66.79,26.66,-95.16,9,4
396838191,158.715,157.13,159.73,0.9566,30.8,276.98,-80.07,16.8,-88.73,6,0
397348659,158.7688,156.44,160.67,1.4311,29.14,272.11,-64.69,27.42,-85.31,8,4
398193465,157.65,157.65,157.65,,14.3,145.1,-58.3,29.5,-110.1,1,4
399163627,158.9167,157.42,160.79,1.7163,38.17,363.27,-79.47,36.9,-90.17,3,0
399373193,159.6267,156.69,161.76,2.2226,27.12,247.58,-88.8,31.38,-99.72,6,3
401032142,158.966,157.13,161.09,1.5422,32.44,205.76,-68.3,26.0,-101.6,5,2
401528305,158.8275,157.5,160.37,1.4062,27.42,219.12,-68.38,27.68,-87.58,4,4
401816566,158.8045,156.36,161.89,1.9385,33.95,191.94,-66.3,25.26,-87.94,11,2
403275944,158.95,156.48,161.42,3.4931,22.25,314.85,-42.8,17.8,-89.65,2,3
403401992,158.34,156.52,159.98,1.6228,31.68,207.8,-41.42,12.6,-91.52,4,4
403492770,161.115,160.86,161.37,0.3606,38.2,301.85,-72.5,32.65,-85.95,2,2
403551997,157.18,156.15,158.17,1.0106,28.8,169.67,-64.1,13.8,-99.2,3,4
404128445,158.91,156.76,161.53,1.7768,24.63,293.82,-61.23,19.45,-83.6,6,3
405176063,160.31,160.09,160.53,0.3111,47.35,230.9,-89.3,7.05,-110.0,2,2
405294999,158.6125,157.05,159.89,1.4069,27.1,187.77,-57.6,21.38,-85.52,4,4
405517314,159.4367,157.11,161.84,2.0822,23.08,208.0,-94.93,23.13,-95.98,6,1
406449637,158.8725,156.01,161.68,2.2838,24.7,247.94,-61.74,31.95,-88.55,8,4
407783617,158.6433,156.47,160.81,2.17,29.6,338.47,-75.57,23.23,-84.77,3,0
408697312,159.08,156.54,161.89,2.273,29.99,184.69,-79.49,26.37,-91.76,7,1
408835992,159.2775,158.27,161.88,1.7411,34.33,202.55,-80.05,23.18,-99.45,4,2
409089660,159.955,156.55,161.61,1.701,30.06,208.62,-60.7,27.28,-89.54,8,1
409203436,158.934,156.93,161.17,1.6585,38.0,211.22,-56.26,39.1,-92.28,5,2
409720576,158.9825,157.16,161.49,2.129,21.28,251.25,-67.7,17.92,-106.5,4,4
410019201,159.8775,157.36,161.74,1.4242,33.76,186.3,-76.22,29.75,-95.18,8,2
410444994,159.58,157.4,161.22,1.9212,41.92,281.95,-69.58,24.72,-96.28,4,2
410992457,159.2467,156.49,161.87,1.9804,31.93,275.13,-58.17,24.68,-90.87,6,2
412200014,158.095,157.03,160.58,1.6719,29.45,247.7,-63.88,34.22,-95.42,4,4
412547846,159.4878,156.53,161.99,2.2581,32.56,194.82,-90.42,26.67,-79.72,9,2
412845068,159.4989,156.91,161.46,1.5293,24.09,293.96,-55.49,33.66,-101.86,9,3
413062848,158.51,156.92,160.1,2.2486,38.45,220.8,-58.1,32.85,-88.0,2,2
414040537,157.4288,156.09,158.76,0.9669,27.95,181.66,-95.09,25.95,-90.65,8,4
415742193,159.7017,156.68,161.23,1.8909,31.2,231.02,-72.78,21.1,-74.98,6,2
416064970,159.63,157.63,161.12,1.2702,31.1,190.76,-81.7,25.06,-84.86,5,1
417153380,158.42,156.21,161.03,2.2031,23.12,250.15,-66.2,27.8,-86.0,4,4
417287774,157.45,156.44,158.91,1.295,33.37,265.57,-90.97,31.9,-84.7,3,0
417393024,158.888,156.81,161.71,2.458,22.78,186.84,-76.32,26.88,-95.98,5,4
418169543,159.4371,157.04,161.61,1.855,27.07,207.07,-58.56,34.04,-84.13,7,1
418216232,159.2011,156.21,161.25,1.7073,34.36,249.27,-67.36,34.92,-86.91,9,2
418271823,158.36,156.21,160.96,2.0441,24.58,271.08,-64.3,33.58,-86.65,4,4
418369900,157.762,156.49,160.01,1.4018,29.58,241.44,-72.82,26.8,-87.02,5,4
418950990,158.7,156.72,161.22,1.8868,29.95,256.22,-76.87,24.07,-95.03,6,4
419681851,160.325,159.68,160.97,0.9122,19.65,235.8,-69.0,18.55,-99.4,2,3
420101729,156.745,156.32,157.17,0.601,22.95,221.95,-107.35,30.65,-105.05,2,4
420176132,159.5567,157.35,161.36,2.0352,27.4,213.7,-52.07,12.07,-99.7,3,1
420862582,159.2833,156.86,161.0,2.1586,40.6,249.4,-91.63,27.6,-92.37,3,2
421626132,158.9267,156.59,160.96,2.2007,26.27,357.83,-85.4,31.83,-87.43,3,3
421800471,158.695,157.5,160.0,1.0866,34.72,344.75,-65.28,26.6,-81.5,4,0
422236152,159.305,156.77,161.14,1.9493,34.08,293.25,-70.32,20.75,-74.58,4,2
422364175,157.17,156.2,158.0,0.9081,35.03,252.73,-50.83,22.27,-75.13,3,0
422816465,159.355,157.85,160.99,1.3121,22.52,349.72,-72.5,30.22,-92.28,4,3
424210268,158.47,156.36,160.3,1.9849,33.1,248.27,-32.13,17.17,-90.77,3,0
424592926,159.0312,156.82,161.22,1.6474,31.56,213.15,-68.76,27.15,-100.05,8,2
425319931,159.55,157.16,161.94,3.38,29.65,202.65,-70.45,48.05,-103.75,2,1
425344391,158.03,156.26,158.95,1.1187,25.76,351.94,-56.58,22.74,-108.9,5,0
425682454,158.5417,156.92,161.13,1.5853,26.83,210.35,-75.45,24.27,-99.33,6,4
426878147,158.6833,156.7,161.27,2.0199,20.5,249.15,-62.0,23.48,-72.05,6,4
429191774,158.09,156.6,160.37,2.0053,27.63,226.27,-77.1,19.3,-100.27,3,4
429463049,159.4533,156.34,161.25,2.7069,24.33,355.3,-43.1,14.07,-83.07,3,3
429489274,158.315,156.05,160.58,3.2032,37.0,177.8,-39.35,19.3,-89.85,2,2
430213890,158.4125,156.68,161.1,1.909,20.62,299.12,-43.3,30.62,-86.6,4,4
430248110,158.875,157.54,160.75,1.3515,36.65,320.72,-79.37,21.85,-105.2,6,0
430323255,159.1371,156.65,161.57,1.9041,33.51,189.37,-68.93,27.16,-89.7,7,2
431125158,158.5933,156.15,160.84,1.671,27.22,211.82,-77.4,13.42,-77.13,6,4
431297958,159.0444,156.3,161.94,2.0898,31.28,240.63,-75.59,19.91,-88.16,9,2
431340436,159.955,156.29,161.82,2.5142,27.12,141.4,-86.0,18.83,-97.78,4,1
432596188,159.464,156.16,161.9,2.4767,35.74,287.16,-72.12,31.56,-80.52,5,2
433158282,160.19,160.19,160.19,,13.3,314.7,-23.8,36.0,-61.6,1,3
433665909,158.7575,158.19,159.74,0.7067,37.58,196.0,-76.22,25.65,-88.22,4,2
433980731,159.7475,157.66,161.02,1.4503,35.28,153.82,-80.27,24.22,-99.8,4,2
434377681,158.3,156.38,160.22,2.7153,29.9,324.5,-60.45,33.75,-98.0,2,0
436223782,160.164,156.2,161.87,2.2682,23.5,247.88,-63.6,35.8,-90.86,5,3
436352356,159.735,158.15,161.32,2.2415,29.65,222.85,-77.55,32.85,-86.55,2,1
437879281,159.2567,156.42,160.95,1.8736,33.57,275.1,-58.83,20.95,-87.02,6,2
438102804,158.78,156.41,161.94,2.8484,22.63,260.9,-77.13,29.03,-66.9,3,4
439142651,159.5412,157.68,161.87,1.5547,33.52,267.32,-68.08,11.1,-88.24,8,2
439796108,158.7575,156.4,160.11,1.638,23.75,248.78,-61.52,31.68,-105.25,4,4
440461093,159.4512,156.12,161.81,2.1889,33.1,213.92,-89.92,34.24,-87.75,8,2
440753173,159.0825,156.05,161.32,2.1407,30.35,213.71,-62.72,25.35,-92.01,8,2
441462536,160.5,160.5,160.5,,17.8,287.1,-34.8,44.6,-93.1,1,3
441799840,158.7043,156.29,161.29,2.0608,30.66,211.93,-69.94,20.53,-84.01,7,4
442558328,160.19,156.86,161.95,2.3351,28.95,221.72,-95.22,28.72,-103.62,4,1
442995932,158.5163,156.77,160.85,1.4187,37.46,210.72,-71.19,18.06,-91.46,8,2
443032358,158.705,156.49,160.75,1.6257,24.78,234.06,-59.97,27.5,-91.27,10,4
443338863,160.4025,158.14,161.19,1.5085,32.72,250.85,-79.78,9.72,-102.52,4,2
443461886,158.6686,156.45,161.42,1.8041,28.34,294.0,-84.11,28.03,-87.77,7,3
443780416,159.97,157.09,161.96,1.6818,29.4,299.84,-75.08,20.81,-96.22,8,3
443799491,159.1,157.64,161.35,1.9771,19.33,178.6,-81.0,19.87,-85.8,3,1
443828407,160.28,158.89,161.56,1.2787,34.25,243.75,-41.35,11.05,-78.05,4,2
444470257,158.9078,156.01,161.77,1.9434,34.56,249.9,-78.26,33.67,-84.36,9,2
444890693,160.2686,156.1,161.91,1.9789,28.87,269.63,-73.64,18.11,-85.61,7,3
446212691,158.095,156.17,160.16,1.4674,34.33,202.58,-91.23,18.8,-91.22,6,4
447149593,160.3833,158.95,161.14,1.2419,37.1,328.17,-59.27,25.27,-80.9,3,2
447432545,159.052,157.18,161.19,1.5264,28.64,274.06,-60.4,31.56,-81.58,5,3
448742787,157.91,156.72,158.79,0.7921,32.72,206.32,-62.48,36.02,-107.34,5,4
448911983,161.0567,160.03,161.73,0.9034,25.77,263.73,-54.57,30.77,-93.73,3,3
449459316,157.245,156.21,159.15,1.0221,30.63,270.23,-77.35,36.7,-84.93,6,0
449977525,158.9957,156.59,161.63,2.1036,33.44,163.69,-81.9,32.71,-86.19,7,2
450391469,157.9967,156.34,159.76,1.3209,34.0,258.1,-58.3,32.08,-92.62,6,0
450769975,158.3267,156.38,161.62,2.0311,38.0,347.57,-67.67,32.53,-86.15,6,0
451146016,158.578,157.33,160.49,1.3712,23.38,118.06,-68.46,23.44,-85.44,5,1
452240475,159.8562,157.23,161.71,1.5186,32.39,216.09,-71.68,27.89,-89.24,8,2
452496498,160.12,158.52,161.72,2.2627,24.65,194.55,-82.6,25.5,-60.85,2,1
452754816,157.99,156.7,161.12,2.1102,30.15,282.38,-64.05,31.0,-91.42,4,0
455207826,159.5329,156.12,161.99,2.3016,29.11,297.56,-84.99,22.83,-88.86,7,3
455663655,158.7875,156.42,161.27,2.0134,27.4,298.1,-36.78,23.78,-84.38,4,3
457122734,159.042,156.54,161.24,2.13,37.7,217.3,-69.72,29.6,-81.2,5,2
457668606,158.51,156.26,160.56,1.4591,31.74,340.07,-83.27,20.9,-93.74,7,0
458498610,160.114,157.01,161.97,2.2174,31.74,133.92,-60.18,21.26,-72.54,5,1
459764910,157.96,156.53,159.91,1.3221,34.2,141.97,-78.57,28.0,-95.98,6,4
462828696,157.65,157.65,157.65,,35.0,213.8,-77.8,39.2,-114.3,1,0
465482524,159.4575,156.71,160.59,1.8481,26.52,250.77,-101.18,20.48,-80.0,4,3
465772627,160.0929,158.03,161.34,1.1682,36.49,251.89,-79.27,24.97,-87.31,7,2
466000944,158.3933,156.29,159.49,1.8221,33.03,267.43,-97.17,21.63,-77.93,3,0
466426533,158.9917,156.73,161.5,1.9334,38.37,287.88,-58.4,20.0,-106.97,6,2
467574402,160.015,158.59,161.51,1.5333,37.38,303.3,-66.82,18.72,-80.53,4,2
468051507,159.9075,156.68,161.91,2.3167,27.5,150.2,-99.2,22.2,-72.38,4,1
468098550,158.65,156.07,161.5,2.0125,26.56,193.35,-68.92,26.68,-93.61,8,4
468131793,161.21,161.21,161.21,,31.4,48.4,-57.0,27.9,-83.0,1,1
469045896,160.1633,158.69,161.15,1.3002,27.93,326.4,-56.5,15.77,-85.53,3,3
469514250,160.414,159.62,161.48,0.8113,26.92,183.76,-67.86,26.14,-91.96,5,1
469777847,159.6,159.6,159.6,,42.6,108.6,-20.8,36.9,-88.5,1,2
470359883,157.55,156.9,158.05,0.5423,26.22,186.1,-59.6,24.85,-89.38,4,4
471117456,158.1225,156.28,161.33,2.2431,26.98,131.17,-62.65,14.05,-85.35,4,4
471332874,159.5525,157.12,161.95,1.9573,25.24,302.16,-70.1,26.65,-82.9,8,3
471709181,158.31,156.53,160.09,2.5173,40.75,106.95,-70.3,40.2,-93.05,2,2
471846120,159.7125,158.06,161.37,1.5916,20.38,122.78,-56.48,24.92,-90.08,4,1
472097386,158.516,157.28,160.15,1.4908,29.96,272.5,-53.8,20.04,-77.9,5,4
472360093,158.222,156.1,158.96,1.194,24.3,230.6,-62.34,24.24,-75.0,5,4
472597180,158.4657,156.26,161.27,1.743,27.83,264.77,-76.94,28.54,-95.97,7,4
473916468,158.73,156.03,161.29,2.2359,30.54,89.4,-65.96,22.54,-111.56,5,1
474003611,160.845,158.85,161.87,1.384,30.9,327.83,-58.32,25.82,-92.02,4,3
474472853,160.082,157.73,161.56,1.7964,32.28,327.82,-69.08,23.68,-88.84,5,3
474561158,159.81,158.4,161.22,1.1514,27.1,131.5,-78.47,18.53,-95.78,4,1
475112776,158.625,156.47,160.81,2.2609,30.78,260.92,-66.45,33.92,-88.18,4,4
478707016,158.1367,156.04,161.58,1.8207,36.97,201.28,-49.51,33.48,-88.57,9,2
478927568,158.27,156.52,160.96,1.4731,35.95,255.75,-82.45,27.75,-89.2,6,0
479231964,158.958,156.87,161.15,1.8153,29.14,375.08,-64.58,24.2,-84.22,5,3
479502357,159.56,158.69,161.28,1.1777,18.73,63.5,-65.68,31.42,-91.92,4,1
479597234,159.8,159.3,160.06,0.4331,13.37,186.47,-84.0,28.6,-93.17,3,1
481152642,159.58,158.56,160.61,0.7934,27.32,253.34,-67.0,23.46,-96.52,5,3
481997523,159.4617,158.08,160.76,1.0649,34.35,249.43,-86.58,35.35,-93.78,6,2
482078287,158.0367,157.34,158.85,0.7617,30.2,202.03,-51.07,37.13,-99.13,3,4
482218335,158.4114,156.03,161.55,2.1959,30.34,267.36,-83.03,27.7,-83.5,7,4
482501437,158.9314,157.36,161.65,1.6478,34.07,241.94,-77.9,24.46,-88.57,7,2
482698090,158.6812,156.08,161.88,2.4598,33.25,293.49,-68.01,22.34,-87.45,8,0
484144611,159.36,157.62,160.33,1.0296,24.66,324.36,-73.12,25.8,-89.54,5,3
484170624,159.0033,158.29,159.63,0.6742,31.3,279.53,-59.57,30.1,-103.8,3,2
484698904,159.8767,159.46,160.45,0.5133,30.77,196.53,-42.97,20.97,-79.07,3,1
485481754,159.47,157.03,161.03,1.8058,28.7,151.7,-61.98,30.12,-69.3,4,1
486243458,158.95,156.02,161.54,2.036,32.87,191.53,-70.0,23.25,-88.23,6,2
486924016,158.88,156.43,161.72,2.2852,41.76,226.12,-63.92,23.06,-86.8,5,2
487307571,159.0212,156.12,161.87,2.0184,32.85,244.3,-70.31,22.22,-97.45,8,2
488479599,158.4729,156.02,161.87,2.2977,24.89,232.6,-85.07,34.16,-91.16,7,4
488577018,158.7229,156.02,161.15,2.3931,32.87,211.0,-55.34,27.74,-82.63,7,2
489144334,158.2667,157.83,158.95,0.5994,20.53,322.33,-74.17,14.1,-86.57,3,4
489917841,158.0422,156.83,160.24,1.2479,32.06,260.42,-87.32,21.16,-90.06,9,0
491037315,158.9683,156.42,161.11,2.1242,35.05,265.08,-77.13,21.47,-94.62,6,2
491185579,160.4133,159.38,161.33,0.7118,34.53,193.73,-72.75,22.22,-89.02,6,2
492235960,158.9129,157.51,159.94,0.9869,27.11,288.41,-56.57,28.24,-84.93,7,3
492381951,158.7717,157.13,160.17,1.3031,28.92,276.6,-71.45,29.67,-90.95,6,4
492428548,159.3,159.03,159.57,0.3818,48.35,141.85,-43.15,14.1,-106.75,2,2
493976714,157.48,157.15,157.81,0.4667,26.15,202.25,-62.9,30.85,-82.15,2,4
494975711,159.66,156.97,161.81,1.9073,26.4,319.27,-84.33,21.62,-91.5,6,3
497077187,158.552,156.18,161.46,2.43,29.92,209.9,-72.28,17.22,-100.3,5,4
497246798,158.1257,156.29,161.44,1.9392,39.86,202.06,-74.47,25.47,-94.61,7,2
498001386,160.975,160.47,161.48,0.7142,22.5,350.4,-60.45,19.3,-95.75,2,3
498567471,160.22,157.49,161.9,1.968,28.48,251.52,-73.5,32.57,-89.7,6,3
498768789,159.7125,157.35,160.69,1.0539,26.18,262.15,-53.92,18.7,-75.75,8,3
499604556,159.07,156.83,161.53,1.8479,29.94,260.6,-66.52,12.04,-83.54,5,2
499938651,159.2067,156.89,161.01,1.8416,25.92,167.47,-70.37,20.5,-87.03,6,1
500125271,159.46,157.78,161.08,1.1921,21.7,178.3,-77.64,23.61,-92.6,7,1
500902964,157.0067,156.72,157.25,0.2676,19.07,280.73,-87.4,17.93,-84.07,3,4
503603324,157.225,156.41,158.04,1.1526,32.6,228.3,-79.7,15.1,-100.35,2,4
504126903,159.0611,156.03,161.86,2.0473,28.62,112.88,-58.04,18.09,-83.11,9,1
504143081,158.7167,156.91,160.01,1.6125,27.23,374.47,-59.8,20.3,-86.97,3,3
504831183,158.4183,156.01,161.7,1.8803,28.78,159.83,-52.98,28.32,-98.42,6,4
505223390,158.4833,156.6,160.69,1.6778,30.1,194.6,-61.08,28.72,-92.53,6,4
506756098,159.8325,156.88,161.9,1.6113,29.96,203.89,-72.74,22.42,-91.62,8,1
507138220,159.465,157.79,161.14,2.3688,14.85,482.35,-24.3,48.0,-84.7,2,3
507796518,159.0667,158.64,159.82,0.6543,33.8,279.1,-56.67,36.7,-91.1,3,2
507890656,159.4243,156.82,161.94,1.8641,33.31,198.13,-55.4,19.56,-91.06,7,2
508742093,158.4167,156.82,161.83,1.8476,33.83,185.42,-84.75,26.73,-82.1,6,2
509022925,158.2733,156.05,161.53,2.3421,34.2,148.05,-92.97,34.13,-88.92,6,4
510468741,157.7033,156.77,158.77,1.0066,20.13,139.03,-90.57,27.17,-78.47,3,4
510828755,159.48,159.48,159.48,,28.3,292.2,-78.9,18.7,-90.1,1,3
510872204,157.76,157.76,157.76,,12.3,241.9,-100.6,28.4,-73.8,1,4
510967857,158.0225,156.14,160.61,1.8783,23.35,86.65,-66.28,21.5,-79.72,4,4
511165374,160.23,159.85,160.61,0.5374,39.9,104.1,-36.4,41.6,-101.25,2,2
511350085,159.1733,156.38,161.15,1.8576,22.67,285.58,-58.88,23.72,-89.35,6,3
512009169,158.9186,157.51,160.67,1.0786,23.74,281.9,-91.64,19.74,-94.43,7,3
512084278,158.7117,156.83,160.27,1.4094,31.93,152.93,-58.7,32.7,-91.73,6,1
512894233,158.63,158.63,158.63,,17.9,62.2,-104.6,13.9,-67.1,1,1
513453764,159.5867,157.92,161.73,1.5275,22.95,275.15,-86.55,27.05,-89.38,6,3
513758672,158.62,156.32,161.31,1.6952,33.9,244.36,-68.38,21.43,-95.98,9,2
515184149,157.804,156.28,159.95,1.5983,27.3,239.32,-62.16,20.34,-92.18,5,4
515300056,159.7687,157.23,161.94,2.052,36.7,315.68,-63.49,30.24,-92.49,8,2
515571477,157.436,156.04,161.78,2.4401,20.34,250.16,-47.28,37.58,-99.08,5,4
516479771,158.37,157.01,161.02,2.2952,30.77,201.7,-85.0,28.13,-101.17,3,4
517049090,159.195,156.81,161.47,2.0434,25.92,405.5,-82.7,24.65,-74.75,4,3
517405518,158.663,156.52,160.98,1.5698,30.4,314.05,-71.45,32.39,-92.65,10,0
518636217,158.885,157.31,160.46,2.2274,38.4,329.2,-109.8,21.85,-113.25,2,0
518745437,157.48,156.02,158.94,2.0648,31.7,423.25,-45.5,11.3,-107.0,2,0
519121293,159.3,156.73,161.53,1.9608,34.4,272.82,-72.56,33.36,-86.38,5,2
520054675,158.2125,157.75,159.19,0.6655,22.68,286.12,-62.8,28.62,-76.42,4,4
520255194,160.08,158.61,161.55,2.0789,29.4,142.7,-82.25,14.15,-91.75,2,1
520578344,158.92,156.64,161.65,2.5351,39.53,322.17,-47.13,31.43,-83.67,3,0
520580257,157.865,156.67,158.96,0.9475,36.08,261.95,-65.5,22.9,-100.25,4,0
522395156,159.75,159.33,160.17,0.594,30.45,404.65,-72.45,11.05,-104.9,2,3
522604490,157.9243,156.1,160.28,1.4674,31.83,272.33,-61.0,29.2,-87.81,7,0
524295608,159.0825,156.33,161.76,2.6556,25.45,200.62,-82.4,43.78,-83.28,4,1
525093906,158.9457,156.76,161.63,2.0441,36.49,300.69,-71.9,20.11,-85.21,7,0
525197879,158.43,156.56,160.86,1.442,25.21,254.3,-68.36,15.53,-98.11,7,4
525724682,159.6333,157.06,161.5,2.3028,33.37,223.73,-52.13,30.97,-108.07,3,2
525862714,160.525,159.09,161.96,2.0294,14.95,200.45,-52.4,25.0,-75.9,2,1
527862060,158.8383,156.81,161.29,1.6991,27.2,353.08,-56.32,23.68,-94.95,6,3
528269609,158.0925,156.55,161.09,2.1193,22.02,330.98,-71.18,31.02,-79.72,4,4
529075482,158.254,157.53,158.95,0.6491,20.54,224.9,-79.88,13.14,-84.62,5,4
529630684,159.6533,156.08,161.47,3.0947,24.53,249.97,-77.2,7.47,-92.17,3,3
530158148,160.23,159.51,160.95,1.0182,28.6,265.1,-92.15,17.3,-80.8,2,3
531169485,158.515,156.73,161.39,1.807,26.13,301.6,-90.63,21.78,-97.23,6,4
531282226,159.3225,156.86,159.99,1.0468,28.08,187.85,-52.68,26.11,-84.24,8,1
535166257,160.222,157.18,161.4,1.7448,32.36,204.16,-60.12,9.62,-87.44,5,2
535376810,157.63,156.3,158.66,1.2083,27.57,256.83,-66.33,31.1,-83.43,3,4
535652730,158.6575,156.31,161.9,2.3563,21.02,260.5,-67.15,22.38,-89.55,4,4
536588185,158.682,157.19,160.33,1.2724,30.83,303.26,-83.06,26.08,-82.5,10,0
537006791,158.884,156.84,159.76,1.1839,33.32,294.2,-60.64,17.32,-94.3,5,0
537057172,158.93,156.15,161.07,1.9574,32.96,148.61,-71.91,24.61,-89.46,7,1
537549824,159.0,157.55,160.76,1.3756,37.98,299.94,-53.5,24.74,-88.82,5,2
538393289,160.125,157.15,161.82,2.0827,30.33,156.23,-76.53,19.95,-89.55,4,1
538642695,158.9833,157.44,160.86,1.7342,28.57,200.0,-72.1,27.6,-87.53,3,1
539476072,158.6675,157.33,161.88,2.1589,38.3,439.32,-50.03,36.8,-93.2,4,0
539864913,159.3667,156.89,161.03,1.5626,31.33,299.27,-69.1,21.83,-84.75,6,3
541119258,159.095,156.34,161.73,2.1591,25.3,130.27,-68.58,26.08,-95.17,6,1
543045682,160.54,160.14,160.94,0.5657,40.8,388.75,-67.0,15.35,-66.95,2,2
543131057,158.5275,156.15,161.89,2.6169,28.05,262.05,-67.95,17.9,-83.3,4,4
543784647,158.8725,156.37,160.49,1.8523,34.83,168.6,-75.15,34.92,-93.18,4,2
544068709,159.066,156.44,161.62,2.374,32.22,276.14,-70.48,27.88,-89.24,5,2
544496921,158.3514,156.12,160.31,1.6686,28.29,173.07,-79.71,13.17,-83.51,7,4
544913102,159.83,156.73,161.52,2.6883,23.73,291.77,-78.33,32.97,-88.03,3,3
545033469,158.0,157.68,158.49,0.4309,24.33,243.87,-43.53,15.97,-90.03,3,4
545105896,156.3,156.3,156.3,,12.8,48.4,-87.8,11.1,-109.3,1,4
545386868,158.5833,157.42,160.75,1.8781,26.43,395.1,-40.0,27.8,-93.97,3,3
548068452,158.99,157.57,160.41,2.0082,36.2,273.3,-69.3,38.45,-100.55,2,2
548124432,158.005,157.15,159.52,1.107,30.83,273.9,-56.12,21.72,-72.52,4,0
548384565,159.7757,158.01,161.69,1.4165,30.9,247.57,-71.03,14.16,-100.34,7,2
548536338,158.375,156.42,160.65,1.4972,32.8,261.35,-75.1,23.28,-99.32,8,0
548806116,158.26,156.25,161.97,3.2167,26.4,194.13,-63.93,24.97,-75.57,3,4
548985726,159.202,156.93,160.57,1.4864,31.96,281.82,-70.58,21.34,-87.84,5,2
549787961,158.9183,156.31,161.29,2.0897,26.65,284.37,-88.47,26.6,-88.08,6,3
551710952,158.916,157.27,160.85,1.3164,37.56,346.7,-80.88,28.74,-94.54,5,0
552519459,158.72,156.65,161.3,1.6367,29.99,188.66,-51.88,17.09,-91.62,9,4
553298294,158.614,157.16,160.33,1.1525,35.0,263.38,-89.96,12.82,-69.36,5,0
554310783,159.5914,156.7,161.36,1.8111,25.64,343.43,-67.36,21.06,-98.8,7,3
554544656,158.3725,156.23,160.64,1.8072,29.78,231.18,-82.0,41.32,-100.5,4,4
556310104,159.655,157.67,160.9,1.3899,29.22,253.5,-46.78,21.38,-98.5,4,3
556460612,159.394,156.74,161.25,1.8382,31.84,221.34,-64.0,28.04,-87.48,5,2
556615041,157.405,156.32,158.49,1.5344,23.3,277.7,-46.65,22.55,-88.85,2,4
556636357,159.9667,156.53,161.98,2.9908,40.23,145.03,-87.67,22.87,-92.63,3,2
557579724,158.4767,156.46,160.82,2.1983,23.77,206.17,-82.8,31.0,-81.37,3,4
557703737,159.994,159.19,161.01,0.7792,25.84,212.88,-81.5,28.54,-83.1,5,1
558380004,157.795,157.41,158.18,0.5445,26.9,266.85,-64.9,31.3,-110.05,2,4
558449339,159.165,157.21,160.16,1.0871,31.12,284.14,-74.95,31.86,-87.1,10,2
559795298,160.4875,158.52,161.61,1.459,18.08,214.35,-81.32,22.3,-80.3,4,1
559968652,158.97,157.42,160.81,1.4659,29.8,219.6,-94.3,18.24,-93.44,5,4
560033049,159.0333,157.18,160.59,1.7242,30.0,247.77,-82.3,22.37,-93.6,3,2
561690462,159.616,156.47,161.86,1.9943,25.28,278.36,-73.1,26.66,-104.02,5,3
562875712,160.32,160.32,160.32,,43.2,3.5,-113.0,49.7,-88.8,1,2
563249678,158.3414,156.27,161.14,1.8277,30.83,264.21,-79.74,32.51,-94.47,7,0
563404199,158.395,157.15,159.64,1.7607,25.75,185.35,-86.25,23.15,-85.75,2,4
563497602,157.765,156.99,158.54,1.096,34.45,121.85,-72.85,28.65,-74.7,2,4
564065072,157.98,156.12,161.24,1.6572,28.02,296.89,-73.3,18.76,-85.32,10,4
565056189,158.5067,156.03,160.58,1.9545,21.35,158.53,-64.78,7.48,-86.08,6,4
565842368,158.98,158.07,160.08,0.8772,27.6,216.58,-82.2,13.7,-89.9,4,4
566098838,159.095,156.0,161.91,2.4214,26.77,258.22,-63.22,14.95,-89.57,6,3
566572399,158.88,156.28,161.12,2.0677,32.33,260.65,-69.52,23.15,-104.52,6,2
566835528,159.075,156.32,161.13,2.0098,28.68,151.42,-64.07,16.72,-90.45,6,1
567624139,159.03,156.16,160.88,1.9032,36.0,168.46,-62.5,37.12,-97.04,8,2
567867003,158.2543,156.82,159.48,1.2444,31.01,235.93,-54.46,20.4,-91.2,7,4
568118485,159.7989,157.13,161.75,1.4764,33.0,345.17,-59.3,22.04,-96.42,9,3
568947254,159.52,158.48,160.7,1.1166,33.73,264.27,-76.93,20.37,-101.67,3,2
570192084,158.93,156.07,161.59,2.4526,34.5,263.76,-66.0,25.08,-90.24,5,2
570320500,159.502,157.67,161.39,1.3238,26.32,183.18,-69.74,20.92,-95.36,5,1
570452367,159.208,157.81,161.47,1.4373,38.98,281.36,-74.44,26.68,-89.98,5,2
570495346,158.78,158.65,158.91,0.1838,24.7,368.1,-72.1,31.0,-92.8,2,3
570937640,157.16,156.94,157.38,0.3111,40.3,152.85,-94.55,32.0,-89.5,2,0
571342118,158.185,156.19,160.62,1.9073,25.83,202.56,-44.61,26.67,-85.19,8,4
571770455,159.6333,157.44,161.68,2.1238,28.17,245.13,-100.6,30.83,-90.13,3,3
571927479,158.575,156.74,160.19,1.5145,24.02,320.98,-63.55,21.98,-79.58,6,3
572005284,159.99,158.05,161.53,1.2668,21.42,307.13,-77.77,13.53,-84.67,6,3
572199062,159.974,157.22,161.08,1.5765,26.5,257.46,-61.18,22.48,-76.64,5,3
572400748,156.97,156.06,157.88,1.2869,29.8,270.75,-78.65,31.75,-99.25,2,0
573145682,159.7225,157.44,161.61,1.7693,16.7,429.98,-65.47,29.02,-87.12,4,3
573332179,158.0,157.82,158.18,0.2546,35.05,321.15,-52.75,24.0,-92.7,2,0
574475615,158.29,156.04,161.19,1.905,28.31,223.36,-71.84,29.07,-94.86,7,4
575896922,159.2057,156.03,161.88,2.5113,25.2,137.83,-87.19,20.69,-79.96,7,1
576154640,158.588,157.61,159.24,0.6702,28.86,193.1,-80.76,34.5,-93.42,5,4
577242803,159.642,157.25,161.44,1.5547,30.54,198.72,-68.52,28.48,-98.58,5,1
578585585,158.145,156.52,160.23,1.6755,28.18,285.62,-58.38,23.78,-92.88,4,4
579409855,159.4575,157.64,161.69,1.8631,22.85,305.58,-67.38,16.7,-74.2,4,3
580046531,158.5767,156.11,160.77,1.7049,26.07,310.17,-52.48,26.6,-92.45,6,3
580125089,161.1125,159.91,162.0,0.9344,33.45,362.95,-72.68,30.18,-95.25,4,3
580232268,159.7567,157.43,161.79,2.1948,28.7,214.87,-57.5,20.87,-83.0,3,1
580586117,158.545,157.28,159.22,0.8623,34.1,288.28,-89.72,28.95,-101.88,4,0
580720286,156.47,156.34,156.6,0.1838,12.55,208.45,-83.85,21.7,-98.95,2,4
581386673,158.7,157.48,161.01,2.0016,25.53,290.53,-42.23,23.93,-75.57,3,3
583562034,159.6629,157.89,161.91,1.7197,32.4,293.54,-61.29,16.71,-92.21,7,2
583773375,159.2967,157.77,160.49,1.3903,27.87,279.43,-88.83,11.37,-76.0,3,3
583912546,159.6583,157.7,160.98,1.2307,32.82,316.2,-59.27,35.63,-85.0,6,3
584940566,159.958,157.32,161.12,1.5189,37.82,271.32,-59.7,37.46,-92.32,5,2
585113614,160.2917,158.07,161.9,1.6657,29.82,161.47,-70.25,22.58,-90.45,6,1
585807313,158.375,156.29,160.62,1.999,28.57,288.83,-56.98,23.67,-94.0,6,4
586349749,160.4625,159.68,161.77,0.9867,35.98,314.08,-70.7,21.4,-85.25,4,2
587194626,158.27,157.22,160.26,1.7243,30.73,262.53,-54.73,27.3,-97.4,3,4
587285928,158.3367,156.61,161.04,1.8571,28.05,190.9,-62.83,29.38,-88.65,6,4
588758491,158.87,156.47,160.43,1.4997,34.41,182.83,-68.3,24.71,-85.37,7,2
588766776,158.72,156.78,160.02,1.5615,33.88,233.45,-71.38,10.28,-85.2,4,2
591088258,157.948,156.08,159.26,1.3951,32.52,308.66,-60.96,24.24,-97.54,5,0
591277434,160.5567,159.87,161.73,1.021,38.43,330.73,-71.37,35.73,-88.83,3,2
591313077,159.82,156.14,161.77,2.0297,28.52,263.48,-79.8,16.63,-79.82,6,3
591498401,160.488,157.91,161.79,1.5136,27.06,267.04,-87.62,23.48,-88.72,5,3
592309524,157.9325,156.47,160.0,1.7422,25.02,355.05,-71.5,22.55,-97.1,4,0
592723540,157.91,157.91,157.91,,23.8,479.5,-92.3,30.4,-65.1,1,0
593228934,159.8783,157.97,161.54,1.6283,34.67,308.72,-66.02,20.1,-73.95,6,2
593778451,159.42,157.06,162.0,1.777,28.0,279.2,-70.87,32.83,-77.7,6,3
595349224,159.6,156.5,161.17,1.7454,35.07,232.5,-41.42,28.73,-91.58,6,2
597091746,158.3775,156.38,160.07,1.8419,31.95,230.62,-66.88,22.78,-90.35,4,4
597682613,158.946,157.75,160.23,1.0694,31.48,279.98,-69.12,28.12,-97.64,5,2
598230058,158.8712,156.05,161.45,1.9342,35.08,310.24,-60.89,28.32,-88.98,8,0
598468769,158.6317,157.68,159.98,0.9589,31.17,334.75,-55.7,17.8,-91.55,6,0
598504483,159.3638,156.15,161.92,2.0694,34.08,188.81,-76.45,26.79,-90.85,8,2
599067818,158.4975,156.58,161.03,2.1886,33.4,257.5,-53.2,20.95,-89.7,4,0
599501374,158.3312,156.61,159.44,1.1663,26.5,299.84,-77.62,39.33,-102.09,8,4
599525298,159.202,157.71,161.59,1.6216,30.28,272.74,-85.4,26.52,-91.24,5,3
600006033,158.7938,156.29,161.32,1.8397,25.7,251.31,-66.89,16.19,-100.55,8,4
600283742,160.48,159.08,161.9,1.3106,24.78,365.08,-73.2,14.42,-85.54,5,3
601362648,159.586,158.57,161.03,0.9386,22.36,267.46,-74.08,25.14,-81.72,5,3
602448584,159.145,156.55,161.74,3.6699,25.45,184.5,-100.0,27.7,-107.3,2,1
603186147,159.77,157.31,161.2,1.5814,36.36,153.4,-77.74,30.5,-95.4,5,2
604101348,159.7356,158.04,161.97,1.4063,27.92,186.41,-75.62,21.2,-91.14,9,1
604824558,158.3871,156.11,160.38,1.4161,34.24,347.19,-64.69,16.69,-82.13,7,0
604969493,161.79,161.79,161.79,,41.0,171.5,-85.6,47.1,-82.1,1,2
606592283,160.06,157.72,161.96,2.154,29.23,204.1,-50.27,46.57,-82.9,3,1
607056461,158.4683,156.44,160.83,1.8045,25.38,266.72,-87.97,25.8,-84.97,6,4
607110638,157.842,156.09,159.87,1.7939,26.26,231.28,-77.2,20.5,-87.6,5,4
607651473,158.4967,156.16,161.71,1.7998,29.92,150.98,-70.41,20.72,-91.16,9,4
607981004,158.7057,156.61,161.12,1.9557,26.63,268.21,-66.8,18.56,-89.23,7,4
608090942,159.2271,157.47,161.48,1.4967,34.27,248.46,-59.27,29.93,-101.56,7,2
608121001,160.1425,157.84,161.19,1.5769,20.8,218.7,-68.35,17.35,-82.85,4,1
608459693,158.9011,156.34,161.53,1.8193,25.38,267.72,-75.26,21.71,-92.09,9,3
609473975,158.8138,156.37,161.79,2.081,27.09,270.85,-82.06,25.59,-88.04,8,4
609530496,158.57,156.34,161.9,2.2949,28.4,204.02,-51.25,29.68,-88.7,8,4
610514358,158.445,157.28,159.61,1.6476,30.05,327.35,-70.85,46.7,-71.2,2,0
610868842,158.7133,158.14,159.21,0.5391,24.2,307.47,-68.83,14.47,-80.63,3,3
611040535,160.178,157.97,161.35,1.3426,27.54,228.72,-92.7,24.42,-94.88,5,1
611865374,158.8014,156.3,161.95,1.926,25.0,247.27,-80.96,20.64,-79.44,7,4
611918295,159.7011,156.24,161.99,2.002,26.1,223.04,-74.73,26.66,-92.14,9,1
612140966,159.025,158.87,159.18,0.2192,13.9,91.3,-76.9,34.65,-62.65,2,1
613708156,159.9825,157.87,161.99,2.2211,33.62,296.05,-79.7,25.22,-81.8,4,2
613718689,158.615,156.2,161.58,2.2076,32.23,227.3,-53.13,28.02,-91.55,6,2
613845594,157.806,156.68,159.68,1.3106,23.98,395.46,-82.76,21.48,-92.42,5,0
613973879,157.704,156.42,158.76,1.0071,33.92,276.64,-80.34,23.74,-95.36,5,0
614022050,156.79,156.32,157.46,0.5957,36.57,317.23,-91.03,5.9,-92.93,3,0
614309377,158.665,156.03,159.96,1.7898,32.4,353.38,-81.22,23.5,-91.68,4,0
614687847,158.255,156.81,160.19,1.409,27.52,201.08,-88.22,21.42,-112.7,4,4
614933936,157.6675,156.2,159.12,1.3898,17.5,306.85,-67.95,17.15,-89.75,4,4
616945014,158.6471,156.85,160.34,1.4741,31.8,252.49,-73.04,27.84,-97.36,7,2
619240990,160.22,158.07,161.99,1.4502,25.16,339.54,-47.86,18.32,-82.24,5,3
619375900,156.89,156.32,157.46,0.8061,40.4,391.7,-81.45,13.65,-85.5,2,0
620065675,159.686,157.74,161.02,1.4821,31.28,290.84,-59.58,23.04,-89.98,5,3
620300412,159.546,157.0,161.2,1.6831,28.04,321.18,-41.8,31.48,-83.84,5,3
621733378,158.3062,156.09,161.52,2.0183,26.58,214.14,-75.35,26.02,-74.34,8,4
621889321,157.79,157.79,157.79,,44.1,258.0,-21.7,26.0,-119.1,1,0
624645703,159.4714,156.71,161.96,1.9558,26.31,246.7,-64.3,22.87,-91.89,7,3
624716449,159.712,159.17,160.4,0.5965,23.82,335.1,-69.56,27.68,-89.08,5,3
624983313,158.745,157.81,160.8,1.4082,33.4,386.48,-86.22,24.92,-109.8,4,0
625178192,158.7867,157.08,160.3,1.6187,23.73,307.57,-77.2,45.5,-88.63,3,3
625441675,158.59,158.59,158.59,,26.9,412.0,-23.0,21.1,-101.2,1,3
625555616,159.8388,157.88,161.94,1.2317,25.1,177.22,-75.11,28.76,-93.06,8,1
627568457,158.934,157.4,160.48,1.1571,26.74,290.22,-72.8,30.48,-97.18,5,3
628571464,158.61,157.5,159.66,1.0256,19.0,289.23,-65.55,25.68,-91.72,4,4
629456642,159.71,159.71,159.71,,25.3,332.0,-89.9,12.3,-118.7,1,3
629607462,159.295,156.79,161.34,2.048,21.45,312.55,-81.22,25.52,-77.92,4,3
629949963,159.195,158.86,159.53,0.4738,29.75,138.05,-95.75,28.95,-74.05,2,1
630180360,158.1983,156.34,159.99,1.1992,33.45,324.52,-55.83,21.22,-95.55,6,0
630611193,159.8325,157.83,160.84,1.3569,27.08,152.85,-92.32,31.6,-79.18,4,1
630752895,159.4786,157.41,161.24,1.421,32.66,242.23,-82.14,25.7,-94.21,7,2
630842944,160.234,159.13,161.59,1.1484,30.16,265.46,-87.72,27.2,-94.76,5,3
630898988,159.7467,157.54,161.51,2.0218,36.03,430.4,-62.27,22.77,-82.8,3,0
631257671,158.182,156.29,161.19,2.2346,32.26,228.8,-82.54,21.4,-92.76,5,4
632129532,158.8911,156.33,161.82,1.6776,33.47,217.32,-71.97,21.28,-86.07,9,2
632636162,158.7817,156.43,161.95,2.0504,22.98,303.67,-82.98,38.07,-112.03,6,3
632924730,159.0025,156.11,161.62,2.51,30.1,276.73,-75.12,32.62,-83.75,4,3
633114101,158.2433,157.73,158.79,0.5308,22.0,194.07,-77.37,31.6,-103.13,3,4
634057757,158.6033,157.43,159.3,1.0221,36.17,62.27,-91.93,43.1,-92.8,3,1
634142832,158.032,156.06,161.99,2.4626,36.02,334.12,-44.18,28.86,-101.92,5,0
636086009,158.63,156.48,161.55,2.5955,27.82,245.6,-62.44,23.42,-85.4,5,4
636613948,160.362,158.34,161.33,1.2504,27.44,229.32,-75.22,16.38,-85.96,5,1
636673685,159.038,156.08,161.87,2.7845,24.92,212.06,-63.54,32.68,-83.74,5,4
637173265,161.54,161.54,161.54,,14.9,35.6,-69.8,49.9,-94.5,1,1
637825183,159.1533,156.17,161.67,2.7795,31.63,207.77,-70.43,21.87,-94.1,3,2
637883177,157.5086,156.19,159.34,1.2334,31.1,177.03,-77.3,24.07,-80.77,7,4
638790258,159.8638,156.44,161.84,1.8602,27.76,197.8,-58.49,19.64,-94.84,8,1
639076915,158.9867,156.28,161.64,2.5747,27.63,198.0,-58.83,25.52,-91.77,6,1
641088694,159.4233,157.61,161.37,1.3064,40.68,339.08,-70.68,20.15,-90.45,6,2
641127136,159.9383,158.38,161.1,1.2921,34.43,287.33,-75.88,26.7,-85.65,6,2
641208534,159.922,158.61,161.35,1.1739,25.4,187.28,-49.26,23.34,-101.66,5,1
641636735,159.008,157.82,161.15,1.3448,29.02,296.02,-77.74,17.14,-80.26,5,3
641942797,158.372,156.43,161.52,2.0277,27.46,234.24,-67.76,14.0,-101.68,5,4
642006437,160.3567,158.24,161.92,1.9014,38.53,220.27,-87.87,18.37,-86.57,3,2
642476777,159.2733,158.81,159.93,0.5845,43.4,380.83,-76.43,32.47,-99.47,3,0
642530542,159.14,157.01,161.64,2.3371,22.03,347.6,-58.0,23.87,-87.83,3,3
642979664,159.4533,158.2,160.54,1.1789,36.13,286.93,-41.93,30.67,-95.87,3,2
643668564,158.9543,157.06,161.39,1.7726,24.81,271.17,-65.57,32.71,-85.64,7,3
643906365,159.7817,157.42,161.63,1.4027,30.58,352.48,-85.4,10.07,-89.38,6,3
644494022,158.46,156.64,161.64,1.6781,32.97,92.38,-74.33,22.77,-81.58,6,1
645040370,159.48,157.68,161.91,1.818,35.38,247.32,-61.95,19.75,-70.7,4,2
645475822,159.9,157.33,161.92,1.567,24.71,265.43,-76.27,25.16,-82.11,7,3
646035868,158.36,157.41,159.31,1.3435,47.75,60.75,-40.25,26.8,-83.95,2,2
647153817,161.28,161.28,161.28,,22.7,312.2,-22.3,21.7,-60.5,1,3
647288961,160.5867,159.89,161.31,0.7104,21.87,363.97,-55.2,28.53,-87.07,3,3
647506411,156.07,156.07,156.07,,25.5,67.2,-32.9,9.3,-77.0,1,4
647805776,158.58,156.76,161.72,2.1857,27.38,235.2,-88.9,37.72,-94.5,4,4
647830647,159.4222,157.16,161.91,1.7647,31.8,341.89,-80.53,22.28,-90.69,9,3
647913365,158.7967,156.31,160.62,1.8428,34.98,326.93,-60.13,31.1,-92.45,6,0
648657172,160.8775,159.34,161.62,1.0654,28.05,164.38,-69.12,14.72,-88.65,4,1
648721599,158.894,156.88,161.35,1.6719,33.86,229.68,-70.38,23.78,-82.22,5,2
649179064,159.02,157.06,161.23,1.5591,40.18,166.68,-77.24,26.7,-88.6,5,2
649886379,158.98,157.32,160.64,2.3476,36.65,196.35,-83.4,41.05,-90.95,2,2
650238672,159.4312,156.7,161.38,1.6157,24.24,204.74,-40.7,23.56,-98.46,8,1
652343612,158.995,156.81,161.98,2.42,29.08,345.68,-64.25,28.98,-97.95,4,3
652847414,158.882,156.01,160.96,2.0017,27.28,293.48,-57.7,24.44,-89.5,5,3
652949635,158.3975,157.05,159.62,1.302,31.48,263.4,-63.88,18.55,-83.32,4,0
653490597,160.2,157.82,161.99,1.4994,29.6,233.22,-82.3,31.48,-77.68,5,1
654243705,158.776,156.81,160.91,1.6193,24.72,247.72,-72.73,26.52,-86.66,10,4
656481138,159.2912,156.16,161.5,1.9487,30.84,304.29,-67.81,20.05,-85.31,8,3
656938489,160.66,160.66,160.66,,19.4,199.9,-68.6,47.3,-118.7,1,1
657721811,159.35,157.81,161.85,1.2533,30.47,257.6,-60.89,32.51,-86.69,7,2
659248773,158.444,156.78,161.45,1.8929,34.34,252.9,-64.26,19.06,-87.52,5,0
659326175,159.3212,156.29,161.51,1.9665,26.91,247.44,-68.65,26.6,-85.18,8,3
659731996,160.35,159.72,160.91,0.4249,33.64,195.44,-59.84,34.56,-97.5,5,2
660008982,158.441,156.07,160.96,1.4032,24.3,244.35,-70.36,22.22,-84.99,10,4
660103569,157.4117,156.12,159.8,1.3018,36.77,207.42,-68.7,19.63,-88.3,6,0
660140090,159.9475,156.85,161.94,2.2415,26.65,227.98,-58.52,31.72,-75.05,4,1
660326323,157.975,156.1,160.99,2.0111,22.72,280.03,-77.55,13.68,-98.28,6,4
660617716,159.56,156.97,161.76,2.4187,29.4,197.2,-67.3,25.33,-88.83,3,1
661759768,159.6457,157.12,162.0,1.7712,28.51,289.37,-68.23,20.8,-84.83,7,3
662348240,158.62,158.22,159.02,0.5657,21.05,260.1,-47.9,24.15,-99.9,2,4
664640837,158.85,156.19,161.09,1.6612,32.21,145.81,-79.5,31.74,-96.16,8,1
665043604,159.586,158.36,161.6,1.3448,27.36,167.16,-66.74,29.72,-87.02,5,1
665395794,157.82,156.03,159.48,1.7287,28.6,197.83,-60.87,43.1,-93.2,3,4
666033258,158.06,156.17,160.84,2.1293,26.94,256.82,-49.02,30.56,-94.02,5,4
666126066,160.385,158.49,161.97,1.4422,32.42,343.08,-68.12,23.05,-91.25,4,3
667225274,158.82,157.2,159.96,1.2828,31.08,291.65,-80.22,22.98,-106.45,4,0
667673622,158.1167,156.59,160.28,1.327,31.85,126.63,-68.48,27.67,-84.47,6,4
667865493,158.9956,156.18,161.85,2.2624,24.18,289.22,-79.84,30.08,-80.9,9,3
668956359,159.5414,156.35,161.36,1.9643,29.44,237.81,-61.21,19.33,-78.81,7,2
669664879,159.345,157.94,161.99,1.8236,36.17,265.38,-68.78,33.25,-71.72,4,2
671354147,158.275,156.09,160.9,1.8555,31.03,235.28,-76.22,29.17,-102.3,6,4
671439793,158.985,156.18,161.79,3.9669,24.2,393.95,-50.5,38.5,-77.95,2,3
671793762,159.015,157.92,160.11,1.5486,19.9,223.35,-35.5,14.9,-94.6,2,4
674133860,158.176,156.01,160.54,1.6309,30.56,323.38,-67.08,25.48,-87.84,5,0
674904608,158.5233,157.13,160.86,2.0361,22.87,245.27,-58.77,29.13,-89.17,3,4
675065379,158.755,156.36,160.83,1.4226,31.25,161.01,-63.88,21.51,-89.58,8,1
675342430,158.1575,156.25,160.76,1.9168,31.8,265.05,-44.38,14.15,-89.5,4,0
675632623,159.7975,157.79,161.83,1.6502,28.5,186.95,-63.98,25.55,-106.62,4,1
675737967,158.62,158.62,158.62,,49.5,437.4,-58.2,36.3,-72.2,1,0
677561700,159.9967,158.5,161.89,1.4275,30.47,233.22,-76.9,16.97,-80.63,6,2
677959191,158.7883,157.86,160.41,0.8859,29.82,251.88,-67.97,20.08,-80.6,6,4
678158398,158.7013,156.05,161.02,1.9635,35.48,287.0,-48.5,25.56,-92.05,8,0
678673276,159.4725,157.37,161.77,1.8,22.72,317.75,-61.25,11.45,-74.8,4,3
679220360,158.24,156.69,159.93,1.3523,34.15,150.85,-70.05,15.75,-66.1,4,4
679498794,158.1375,156.56,161.67,2.3765,30.15,367.18,-79.32,27.58,-78.38,4,0
679504462,159.06,158.05,160.69,0.9519,35.0,241.7,-62.57,24.1,-95.2,6,2
679668591,159.23,156.16,161.69,2.3064,30.3,242.0,-61.15,23.78,-86.7,4,2
680213971,159.7875,157.52,161.5,1.8483,26.65,308.17,-56.82,26.55,-79.03,4,3
680476451,160.1157,159.13,160.73,0.5601,28.33,149.6,-58.59,29.86,-73.34,7,1
682698033,158.666,156.1,161.74,1.8426,26.27,259.02,-69.7,35.77,-101.62,10,4
683276186,159.238,157.22,160.88,1.3642,22.66,248.92,-85.98,21.58,-91.26,5,3
683402053,160.0583,158.1,161.89,1.4655,29.68,255.42,-77.32,24.83,-85.9,6,3
683663765,159.048,156.13,160.98,2.342,30.38,289.12,-61.76,13.18,-93.2,5,3
684534584,158.5686,156.12,161.62,2.0894,27.79,193.53,-76.44,31.11,-95.46,7,4
685694091,159.01,156.13,161.77,2.8219,26.23,302.23,-75.63,23.3,-91.13,3,3
686208585,159.415,157.09,160.95,1.6681,27.62,144.82,-70.7,17.98,-76.0,4,1
686834541,159.2867,158.06,160.45,1.1963,33.47,206.7,-70.23,28.23,-89.53,3,2
687486089,159.566,156.41,161.36,2.1365,29.0,204.26,-66.02,24.12,-95.64,5,1
688105049,159.0814,157.11,160.84,1.4194,21.96,216.57,-74.07,30.29,-91.04,7,4
689796314,159.8057,156.89,161.85,1.7046,35.69,271.54,-68.2,24.24,-92.31,7,2
691566561,158.6975,157.35,160.16,1.1492,28.22,127.25,-60.78,20.12,-92.42,4,1
692604640,158.9,156.37,161.26,2.1332,26.49,121.26,-65.41,28.63,-85.64,7,1
693467838,158.939,156.09,161.95,2.1809,31.08,267.21,-76.34,30.67,-91.17,10,2
694118682,160.09,157.35,161.93,1.9468,31.7,245.55,-84.68,33.52,-73.82,4,2
696020593,159.23,157.24,161.33,2.1085,27.9,87.42,-67.72,32.25,-84.95,4,1
697499423,160.1,157.11,161.98,2.1358,30.3,336.35,-90.12,23.12,-86.15,4,3
697745795,159.815,157.02,161.87,2.1676,29.88,122.48,-51.38,30.6,-111.38,4,1
698666723,158.9867,156.43,160.34,2.2154,28.6,185.2,-48.97,21.87,-68.77,3,1
699245737,158.8933,157.07,161.27,1.3416,34.57,249.23,-73.3,28.6,-87.82,9,2
699529355,159.396,156.19,161.64,2.2656,32.44,181.06,-63.18,27.78,-77.46,5,2
699922387,159.585,156.66,161.92,2.4373,30.78,274.78,-64.45,32.6,-90.3,6,3
701852009,159.325,156.45,161.88,2.1878,28.45,159.47,-62.35,34.8,-93.0,6,1
702708383,159.15,156.21,161.91,2.529,32.62,340.02,-68.67,24.98,-95.08,6,0
703637316,158.6,156.31,161.75,2.1603,34.88,257.1,-64.71,28.26,-100.55,8,2
704661953,157.085,156.83,157.34,0.3606,25.35,158.3,-62.25,23.4,-104.45,2,4
704843269,159.3725,157.26,161.34,1.359,22.91,251.78,-63.74,28.04,-79.04,8,3
705561223,159.5367,156.55,161.5,1.6019,31.23,176.52,-79.0,31.94,-90.87,9,1
706491378,159.0,156.31,161.7,1.9973,25.89,247.65,-67.96,20.5,-93.58,8,4
707000071,158.435,156.52,160.29,1.6297,18.18,194.5,-64.82,17.32,-98.52,4,4
708338175,158.705,156.06,161.36,2.5795,34.6,384.18,-69.12,28.8,-97.65,4,0
711942599,158.35,156.82,161.83,2.3407,21.4,303.15,-70.7,21.3,-83.55,4,4
713738657,158.986,157.44,161.15,1.5502,23.58,189.74,-73.58,29.86,-99.38,5,1
714252611,158.9483,156.3,160.99,1.7656,34.37,256.58,-99.07,26.8,-76.95,6,2
715406233,157.8667,156.27,160.99,2.7051,36.93,208.0,-83.0,15.33,-78.73,3,0
716823280,159.0475,156.68,160.97,2.0153,27.85,212.5,-55.05,16.35,-101.78,4,1
717151265,160.46,158.51,161.99,1.5139,29.14,374.68,-66.86,22.92,-83.82,5,3
718413378,157.87,157.87,157.87,,26.4,323.0,-92.3,40.4,-65.7,1,0
719643596,159.25,158.66,159.84,0.8344,24.7,391.6,-62.75,24.5,-71.85,2,3
720463075,158.5367,156.75,160.11,1.6901,20.67,217.7,-58.7,17.5,-101.57,3,4
720519326,158.644,156.12,161.62,2.0583,25.28,265.54,-65.67,28.08,-84.78,10,4
721604393,160.424,159.03,161.52,1.1089,28.58,221.68,-70.92,14.3,-108.14,5,1
722197210,157.928,156.04,158.82,1.2135,23.28,321.32,-86.0,23.54,-96.36,5,4
722440326,159.806,157.21,161.76,1.841,25.62,251.5,-63.1,23.38,-91.9,5,3
722847112,159.265,157.03,161.5,3.1608,30.75,198.7,-56.3,35.05,-83.55,2,1
722908274,157.872,156.18,160.63,1.6801,23.72,260.2,-42.04,15.92,-93.1,5,4
723636831,158.045,156.99,158.98,0.6962,34.0,238.87,-69.63,25.02,-89.82,6,0
723678138,159.5333,157.48,161.33,1.5472,35.18,245.03,-43.82,32.87,-95.72,6,2
723722389,158.53,157.83,159.88,1.1694,28.57,255.2,-58.53,35.37,-112.17,3,4
724448480,157.99,156.55,159.43,2.0365,16.5,132.25,-66.25,9.95,-78.05,2,4
724638764,159.975,159.06,160.89,1.294,12.45,268.15,-90.45,23.4,-85.55,2,3
725306361,158.5017,157.12,160.62,1.4862,23.25,274.4,-70.35,26.22,-97.67,6,4
726467074,160.5925,159.07,161.91,1.334,31.45,301.82,-67.9,20.12,-102.7,4,3
727206661,159.78,157.38,161.91,1.5992,32.59,247.07,-55.26,16.07,-98.81,7,2
727417459,160.1233,158.96,161.59,1.341,27.07,297.97,-74.93,40.57,-100.37,3,3
728358748,157.27,156.03,159.02,1.0718,33.73,298.27,-78.75,27.83,-91.32,6,0
728594801,159.288,156.65,161.51,2.1548,34.22,318.62,-70.34,19.82,-89.04,5,2
729794426,160.035,157.27,161.51,1.5834,28.62,278.35,-82.58,34.32,-74.77,6,3
729801011,158.33,156.04,160.62,3.2385,30.8,454.25,-108.85,45.65,-84.3,2,0
729834349,158.7975,156.61,161.61,2.2479,27.32,198.68,-66.35,27.88,-81.18,4,4
729874439,159.5525,157.37,161.32,1.5021,31.26,231.2,-91.86,23.3,-90.91,8,2
730358706,158.9867,158.47,160.03,0.6684,30.72,245.72,-70.18,27.05,-87.53,6,2
731337211,158.356,156.65,161.26,1.7741,33.68,344.84,-66.18,19.54,-95.34,5,0
733587569,157.2575,156.36,158.19,0.7518,23.55,238.88,-55.4,30.28,-82.45,4,4
733723778,159.386,156.66,161.48,1.7286,30.42,237.12,-88.6,10.26,-100.86,5,2
735319356,159.3517,156.53,161.8,1.946,24.93,280.28,-53.98,23.98,-89.57,6,3
735932992,158.35,156.25,159.41,1.2913,25.22,334.68,-87.48,23.56,-101.24,5,3
737553133,158.4871,156.06,161.68,2.3353,28.84,267.94,-81.46,18.51,-92.46,7,4
738742479,159.0567,157.44,161.83,2.4128,33.63,40.97,-37.17,22.63,-109.07,3,1
738790875,160.3688,158.32,161.77,1.4364,30.88,303.46,-57.54,18.26,-85.22,8,3
738849774,159.4,157.96,161.53,1.208,27.87,270.5,-82.02,24.88,-98.68,6,3
739418888,158.908,157.26,160.94,1.4775,25.26,304.72,-46.14,30.24,-95.98,5,3
742245762,158.4614,156.63,161.92,1.7254,36.76,268.97,-67.89,25.79,-81.81,7,0
742854816,158.5189,156.62,161.6,1.6051,29.69,290.51,-75.31,27.48,-83.76,9,0
743162389,159.89,157.84,161.44,1.8514,28.2,109.3,-98.83,40.3,-108.63,3,1
744192701,158.76,156.76,160.38,1.3757,29.16,274.28,-87.46,37.1,-87.98,5,4
744527202,158.1286,156.32,161.55,1.9657,26.49,291.04,-75.41,31.43,-96.31,7,4
744844875,157.9075,157.22,158.76,0.689,27.78,210.38,-91.68,22.28,-69.95,4,4
746255510,158.55,157.25,161.3,1.7964,32.54,241.46,-36.98,21.92,-91.42,5,2
747743383,159.0775,157.23,161.54,1.5983,28.76,215.22,-77.24,28.56,-90.02,8,1
748359141,158.585,156.15,161.34,2.6253,36.52,227.52,-86.6,28.0,-88.32,4,2
748905485,160.226,157.7,161.88,2.0995,21.68,179.88,-52.72,25.04,-91.1,5,1
749313033,159.9683,158.39,161.6,1.1617,23.48,359.6,-82.05,19.58,-87.12,6,3
749434747,158.292,156.8,159.0,0.9225,29.96,243.28,-51.36,33.12,-85.26,5,4
749937520,159.575,156.87,161.98,2.7451,28.8,325.65,-88.72,34.25,-85.92,4,3
750400300,158.666,156.69,160.46,1.7574,28.0,337.34,-85.56,22.18,-102.24,5,3
750747879,158.8125,156.17,161.93,1.7567,38.72,302.64,-72.74,25.61,-93.28,8,0
750940589,157.565,156.83,158.3,1.0394,16.6,115.65,-56.65,31.65,-75.85,2,4
752014060,159.0156,157.07,160.79,1.4244,30.54,243.46,-71.73,25.88,-86.74,9,2
752289007,159.298,157.54,161.51,1.8127,30.56,219.94,-45.66,13.54,-100.3,5,2
753345065,160.4875,159.83,161.28,0.631,30.4,323.1,-74.45,24.6,-102.3,4,3
753582834,157.935,156.33,159.68,1.6012,27.88,194.25,-50.88,20.58,-97.98,4,4
753673738,159.994,157.85,161.9,1.7313,33.86,287.76,-102.98,30.84,-93.68,5,2
754313150,159.625,157.38,161.78,1.4437,22.42,206.95,-52.8,22.45,-82.98,6,1
754816502,158.02,156.06,161.26,2.1642,25.87,216.35,-33.12,25.18,-97.17,6,4
754922447,158.2275,156.73,161.09,1.4401,33.08,145.24,-73.59,24.72,-86.15,8,4
755635261,159.3717,157.74,161.0,1.2823,28.42,320.75,-60.23,28.87,-92.48,6,3
755940023,158.37,156.11,160.59,2.1398,25.6,293.45,-86.1,28.17,-91.22,4,4
756035927,159.45,157.55,161.59,1.8452,33.34,290.36,-80.32,31.9,-86.5,5,2
758310772,158.79,156.28,161.24,2.0388,37.83,277.55,-58.08,18.47,-87.7,6,2
759217626,158.9157,156.64,161.94,1.7615,24.13,231.27,-61.03,23.2,-94.57,7,4
760132103,157.9867,156.14,159.76,1.8111,34.5,296.3,-69.0,33.97,-96.6,3,0
760384526,158.2383,156.82,160.69,1.4998,30.25,257.48,-74.95,14.32,-97.15,6,4
761368866,158.8733,156.61,160.75,1.7851,17.88,289.85,-56.68,27.45,-87.42,6,3
761439274,160.1,160.1,160.1,,13.8,61.3,-84.6,38.7,-111.8,1,1
761838030,159.324,157.38,161.88,1.7027,32.38,297.92,-55.46,29.36,-105.92,5,2
762178422,159.62,157.6,161.52,1.5048,31.18,204.14,-66.24,15.84,-84.88,5,1
763146211,158.44,156.46,161.12,1.9055,29.82,384.66,-68.98,18.62,-95.76,5,0
763169399,158.9178,156.32,161.04,1.5904,24.66,222.72,-58.06,29.11,-97.19,9,4
763605056,158.782,156.19,161.67,2.6144,35.22,351.78,-51.82,22.1,-85.66,5,0
763846551,159.7943,156.15,161.29,1.8957,29.31,154.34,-60.01,24.73,-91.66,7,1
763973816,159.626,158.77,160.48,0.7585,34.44,282.04,-66.2,29.78,-70.44,5,2
764353680,158.4575,156.36,161.37,2.4097,22.32,100.07,-61.62,34.95,-87.58,4,1
764633816,158.8314,156.46,161.11,1.5304,37.74,244.93,-83.9,28.01,-88.84,7,2
764776555,161.19,160.67,161.71,0.7354,31.05,155.25,-74.3,23.65,-73.0,2,1
765262794,158.2483,156.92,160.52,1.4718,23.05,252.93,-54.25,31.53,-77.53,6,4
766040528,158.7143,156.07,160.96,1.9894,27.51,210.84,-75.94,32.79,-98.39,7,4
766133415,158.114,156.36,160.88,1.8761,26.12,219.56,-76.12,20.64,-105.46,5,4
766277551,160.126,158.37,161.11,1.1022,40.46,152.6,-69.6,27.88,-102.28,5,2
767793733,158.68,158.04,159.96,0.8818,35.1,286.4,-83.02,19.5,-79.88,4,0
767801946,159.585,157.34,161.95,1.893,25.28,196.88,-86.18,20.98,-83.82,4,1
767955728,159.4175,156.07,161.69,2.5253,35.65,201.65,-66.53,24.08,-93.38,4,2
768075179,159.1517,156.43,161.02,1.837,34.18,225.93,-71.42,30.05,-87.98,6,2
768349235,159.86,159.31,160.55,0.6317,31.33,337.17,-53.3,26.13,-78.0,3,3
768467727,159.274,156.16,161.37,2.0047,18.22,326.34,-63.44,31.2,-95.22,5,3
769565144,158.815,157.86,159.77,1.3506,22.6,287.3,-68.85,15.85,-99.4,2,3
771069098,160.202,158.43,161.3,1.2098,30.98,216.5,-74.68,26.18,-96.02,5,1
771150112,160.1943,156.39,161.99,1.957,28.5,320.81,-67.27,14.07,-82.39,7,3
771305759,158.3914,156.36,161.76,1.7249,36.22,201.05,-74.01,24.33,-89.4,14,2
771937775,157.305,156.14,158.85,1.081,26.58,127.18,-74.65,20.73,-90.02,6,4
772043340,159.8871,156.51,161.69,1.8317,26.17,182.74,-55.76,19.63,-92.99,7,1
772134211,158.285,156.39,161.12,1.7995,32.43,411.47,-85.88,30.47,-73.43,6,0
772687223,158.686,157.04,161.04,1.8124,26.08,250.24,-51.56,35.28,-91.72,5,4
773465268,158.1425,156.24,159.79,1.5151,28.8,209.8,-46.12,36.78,-94.4,4,4
773610320,157.742,156.22,159.7,1.7061,22.04,215.1,-52.26,25.84,-88.64,5,4
774339038,158.0175,156.58,159.01,1.0886,32.22,198.08,-78.55,6.48,-90.02,4,4
775231305,158.125,158.01,158.24,0.1626,34.65,257.65,-39.85,41.2,-84.0,2,0
775404149,159.4643,156.88,161.78,2.05,35.23,251.19,-62.36,31.77,-90.1,7,2
775416352,161.1,160.85,161.4,0.2784,37.87,375.07,-100.67,20.73,-94.17,3,2
775929575,159.1725,156.02,160.71,1.6265,32.45,277.39,-79.76,29.42,-82.75,8,2
776350480,159.99,158.92,160.78,0.9611,31.07,280.2,-74.7,32.8,-84.67,3,3
777022296,158.8342,156.08,161.89,1.7909,30.35,321.38,-53.97,26.08,-91.95,12,0
777450460,160.54,159.77,161.93,1.2061,35.03,187.13,-54.07,30.53,-77.67,3,2
777666051,159.41,156.29,161.82,1.9968,33.69,223.03,-59.56,18.79,-91.72,12,2
778196639,157.075,156.15,158.0,1.3081,37.15,360.1,-41.55,26.15,-103.85,2,0
778281235,157.95,157.61,158.29,0.4808,36.8,260.05,-86.05,27.0,-97.15,2,0
778418171,160.12,158.49,161.75,2.3052,18.4,418.8,-36.7,37.4,-93.7,2,3
778903980,158.7233,156.96,161.7,2.5925,36.7,237.93,-79.6,28.07,-90.1,3,2
779191453,158.91,156.26,160.82,1.9109,26.95,225.65,-60.95,30.52,-88.42,4,4
779676678,158.996,156.06,161.02,1.9733,28.14,272.18,-69.88,19.36,-84.08,5,3
779719852,161.3,161.3,161.3,,29.4,364.3,-80.3,20.3,-82.6,1,3
780410570,158.24,156.01,161.03,2.3923,32.7,208.24,-67.12,26.56,-98.9,5,4
780476855,159.79,157.88,161.9,1.9394,21.6,235.3,-76.88,11.56,-84.1,5,3
780543548,158.6038,156.05,161.52,1.7555,29.05,196.44,-68.0,20.4,-96.68,8,4
780611688,158.1575,156.35,161.28,2.2951,21.32,188.8,-70.05,22.15,-89.98,4,4
780860305,159.856,158.1,161.79,1.3834,26.76,233.56,-81.72,30.82,-84.28,5,1
780872220,158.478,156.29,160.17,1.5432,29.86,314.58,-52.74,26.78,-84.96,5,0
780970320,158.42,156.07,161.06,2.0683,26.76,262.46,-73.1,24.35,-86.75,10,4
781122679,158.7225,157.53,161.32,1.7479,38.58,308.12,-63.9,16.77,-93.9,4,0
782140749,158.585,156.99,160.32,1.5494,34.65,351.72,-57.48,28.6,-81.7,4,0
782576379,158.54,156.18,161.69,1.8644,27.71,255.0,-77.87,31.01,-96.19,9,4
782905490,159.68,157.35,161.02,1.7122,27.05,214.8,-39.42,18.42,-77.05,4,1
782964567,159.6517,157.18,160.95,1.5661,33.6,241.28,-66.73,19.17,-89.58,6,2
783109193,159.89,157.9,161.73,1.9194,29.63,164.63,-91.4,29.07,-107.87,3,1
783480433,158.7775,157.13,160.32,1.534,25.5,187.08,-53.7,29.98,-82.7,4,4
783771062,161.37,161.37,161.37,,33.8,358.2,-31.4,3.5,-65.8,1,3
784062106,159.2325,156.92,161.05,1.8678,29.62,309.75,-77.8,33.25,-80.05,4,3
784993050,158.2775,156.3,159.2,1.3452,25.22,203.45,-71.2,34.78,-87.42,4,4
786527370,158.9622,157.17,161.11,1.5125,36.24,276.72,-61.72,23.21,-95.59,9,2
786592775,157.544,156.21,159.02,1.1607,27.64,373.26,-73.04,31.86,-95.82,5,0
787276961,159.01,157.43,159.98,1.1234,24.48,220.75,-77.22,23.7,-92.35,4,4
787632236,159.3333,156.66,160.81,2.3194,24.53,259.4,-53.27,26.5,-93.3,3,3
787790467,157.5375,156.61,158.96,1.0037,25.05,245.92,-59.08,30.9,-100.6,4,4
788222557,159.715,156.06,161.75,2.5066,40.35,292.25,-86.1,27.2,-97.28,4,2
789472539,159.5467,156.26,161.97,2.9513,36.83,290.57,-82.9,11.37,-92.6,3,2
789983559,159.4867,157.81,161.17,1.68,24.5,183.1,-41.1,30.13,-86.37,3,1
790078615,159.3075,157.14,160.68,1.5173,20.23,152.85,-50.68,13.08,-94.3,4,1
790918169,158.1433,157.35,159.21,0.9597,38.33,299.13,-47.07,12.67,-96.27,3,0
791982495,159.0257,156.08,161.71,2.1632,36.91,306.27,-83.64,29.5,-94.8,7,2
792163190,158.3988,156.27,161.72,2.1179,24.54,234.2,-62.52,24.38,-81.89,8,4
792191610,159.11,156.65,161.78,2.156,29.64,298.04,-83.52,25.0,-89.32,5,3
792400356,157.9583,156.09,159.95,1.6084,21.93,320.53,-63.38,31.48,-91.25,6,4
792401778,158.184,156.53,160.87,1.6079,21.04,187.5,-78.24,24.52,-87.26,5,4
792478979,158.1433,157.02,161.66,1.7888,24.8,208.58,-73.83,29.12,-87.72,6,4
792597146,158.638,156.53,161.74,2.2387,30.08,308.4,-42.34,10.4,-97.86,5,0
793562464,158.366,156.59,160.74,1.5646,31.28,240.32,-62.34,27.12,-91.2,5,4
794030443,159.4325,157.57,161.26,1.6983,27.48,182.72,-51.02,28.8,-90.9,4,1
794556784,160.162,156.6,161.91,2.205,33.64,225.8,-68.2,24.96,-86.5,5,2
794690449,156.9967,156.48,157.89,0.7768,16.0,221.73,-76.6,28.23,-102.9,3,4
795339740,159.4462,156.3,161.19,1.7997,36.78,218.06,-58.34,32.91,-92.26,8,2
795801450,159.15,158.9,159.4,0.3536,39.85,309.7,-105.5,42.2,-88.05,2,2
796002514,159.59,156.71,160.73,1.3795,27.01,216.26,-71.61,23.19,-101.93,7,1
796664560,159.354,157.22,160.97,1.5711,28.3,173.76,-72.8,10.14,-92.26,5,1
796671313,160.22,158.99,161.05,1.0867,30.0,125.77,-107.03,25.2,-100.7,3,1
797047520,159.55,156.15,161.79,1.9484,36.04,237.78,-71.56,21.59,-87.37,10,2
798437882,158.305,156.38,161.36,1.7506,41.58,353.82,-80.2,28.33,-87.82,6,0
798578134,160.86,160.86,160.86,,10.3,271.2,-57.6,40.2,-61.4,1,3
